,vdate,num_ospedalizzazioni,final_dg,pressione_mb,mean_temp,min_temp,max_temp,humidity,mean_wind,max_wind,diff_temp,var_press
0,2014-01-01,0,0,1020.0,5.0,-1.0,11.0,84.0,4.0,7.0,12.0,9.0
1,2014-01-02,0,0,1017.0,7.0,3.0,9.0,94.0,4.0,9.0,6.0,7.0
2,2014-01-03,0,0,1019.0,11.0,9.0,13.0,99.0,3.0,9.0,4.0,6.0
3,2014-01-04,0,0,1015.0,14.0,11.0,16.0,88.0,10.0,20.0,5.0,14.5
4,2014-01-05,0,0,1006.0,12.0,7.0,16.0,81.0,12.0,24.0,9.0,19.5
5,2014-01-06,0,0,1019.0,8.0,3.0,15.0,87.0,4.0,11.0,12.0,13.0
6,2014-01-07,0,0,1025.0,8.0,3.0,13.0,92.0,3.0,6.0,10.0,10.0
7,2014-01-08,0,0,1028.0,9.0,4.0,12.0,93.0,3.0,6.0,8.0,6.0
8,2014-01-09,0,0,1024.0,11.0,9.0,15.0,86.0,4.0,9.0,6.0,6.0
9,2014-01-10,0,0,1021.0,11.0,9.0,13.0,90.0,4.0,11.0,4.0,6.0
10,2014-01-11,0,0,1022.0,12.0,8.0,16.0,89.0,3.0,9.0,8.0,7.0
11,2014-01-12,0,0,1022.0,9.0,5.0,15.0,91.0,4.0,7.0,10.0,8.0
12,2014-01-13,0,0,1019.0,7.0,3.0,9.0,95.0,3.0,6.0,6.0,10.0
13,2014-01-14,0,0,1008.0,11.0,8.0,13.0,89.0,11.0,19.0,5.0,10.0
14,2014-01-15,0,0,1011.0,10.0,6.0,14.0,90.0,5.0,9.0,8.0,8.0
15,2014-01-16,0,0,1016.0,8.0,5.0,11.0,93.0,5.0,15.0,6.0,8.0
16,2014-01-17,0,0,1010.0,13.0,10.0,14.0,87.0,9.0,17.0,4.0,9.0
17,2014-01-18,0,0,1008.0,14.0,11.0,16.0,83.0,11.0,15.0,5.0,8.0
18,2014-01-19,0,0,1002.0,13.0,10.0,15.0,89.0,7.0,19.0,5.0,10.0
19,2014-01-20,0,0,1000.0,13.0,10.0,16.0,82.0,8.0,20.0,6.0,9.0
20,2014-01-21,0,0,1004.0,11.0,10.0,14.0,83.0,5.0,9.0,4.0,11.0
21,2014-01-22,0,0,1012.0,11.0,6.0,13.0,85.0,6.0,11.0,7.0,8.0
22,2014-01-23,0,0,1016.0,7.0,2.0,11.0,93.0,4.0,7.0,9.0,7.0
23,2014-01-24,0,0,1006.0,9.0,6.0,11.0,82.0,8.0,20.0,5.0,12.0
24,2014-01-25,0,0,1009.0,9.0,3.0,13.0,57.0,10.0,24.0,10.0,11.0
25,2014-01-26,0,0,1009.0,6.0,0.0,14.0,69.0,8.0,26.0,14.0,12.0
26,2014-01-27,0,0,1001.0,6.0,2.0,8.0,87.0,7.0,20.0,6.0,11.0
27,2014-01-28,0,0,998.0,6.0,1.0,9.0,72.0,9.0,19.0,8.0,10.5
28,2014-01-29,0,0,1004.0,4.0,-1.0,10.0,85.0,7.0,20.0,11.0,9.5
29,2014-01-30,0,0,1006.0,10.0,6.0,12.0,94.0,10.0,26.0,6.0,9.0
30,2014-01-31,0,0,1009.0,11.0,10.0,12.0,95.0,6.0,19.0,2.0,14.0
31,2014-02-01,0,0,1008.0,12.0,9.0,17.0,87.0,10.0,22.0,8.0,8.0
32,2014-02-02,0,0,1007.0,10.0,8.0,12.0,92.0,6.0,11.0,4.0,6.0
33,2014-02-03,0,0,1010.0,12.0,9.0,16.0,84.0,7.0,17.0,7.0,8.0
34,2014-02-04,0,0,1014.0,11.0,9.0,13.0,93.0,5.0,9.0,4.0,6.0
35,2014-02-05,0,0,1012.0,11.0,9.0,13.0,84.0,10.0,19.0,4.0,11.0
36,2014-02-06,0,0,1012.0,11.0,7.0,15.0,77.0,9.0,22.0,8.0,15.0
37,2014-02-07,1,1,1013.0,10.0,4.0,15.0,88.0,8.0,22.0,11.0,9.0
38,2014-02-08,0,0,1009.0,12.0,8.0,14.0,79.0,10.0,20.0,6.0,12.0
39,2014-02-09,0,0,1004.0,12.0,9.0,15.0,74.0,16.0,35.0,6.0,13.0
40,2014-02-10,0,0,1003.0,11.0,9.0,14.0,86.0,12.0,30.0,5.0,17.0
41,2014-02-11,0,0,1004.0,11.0,9.0,14.0,89.0,6.0,15.0,5.0,7.0
42,2014-02-12,0,0,1008.0,10.0,6.0,15.0,83.0,5.0,11.0,9.0,10.0
43,2014-02-13,1,0,1011.0,11.0,6.0,15.0,79.0,8.0,17.0,9.0,15.0
44,2014-02-14,0,0,1011.0,12.0,7.0,18.0,76.0,7.0,22.0,11.0,16.0
45,2014-02-15,0,0,1016.0,12.0,9.0,17.0,81.0,5.0,13.0,8.0,9.0
46,2014-02-16,0,0,1015.0,15.0,11.0,19.0,79.0,7.0,13.0,8.0,4.0
47,2014-02-17,0,0,1015.0,14.0,11.0,16.0,76.0,10.0,24.0,5.0,9.0
48,2014-02-18,1,0,1017.0,13.0,7.0,20.0,76.0,5.0,11.0,13.0,12.5
49,2014-02-19,1,0,1012.0,13.0,11.0,19.0,82.0,8.0,28.0,8.0,12.5
50,2014-02-20,0,0,1012.0,12.0,10.0,14.0,92.0,5.0,9.0,4.0,7.5
51,2014-02-21,0,0,1012.0,12.0,7.0,15.0,85.0,6.0,13.0,8.0,6.5
52,2014-02-22,0,0,1014.0,11.0,7.0,15.0,86.0,8.0,26.0,8.0,11.0
53,2014-02-23,0,0,1021.0,9.0,4.0,15.0,73.0,8.0,20.0,11.0,9.0
54,2014-02-24,0,0,1021.0,9.0,3.0,16.0,66.0,7.0,15.0,13.0,5.0
55,2014-02-25,2,1,1020.0,9.0,2.0,16.0,73.0,5.0,13.0,14.0,6.0
56,2014-02-26,0,0,1020.0,9.0,6.0,11.0,91.0,8.0,17.0,5.0,7.0
57,2014-02-27,0,0,1021.0,8.0,4.0,14.0,87.0,5.0,19.0,10.0,8.0
58,2014-02-28,0,0,1011.0,8.0,7.0,11.0,90.0,8.0,15.0,4.0,14.0
59,2014-03-01,2,1,997.0,9.0,8.0,11.0,83.0,11.0,30.0,3.0,17.0
60,2014-03-02,1,0,998.0,9.0,4.0,15.0,76.0,7.0,17.0,11.0,6.0
61,2014-03-03,2,0,997.0,9.0,2.0,13.0,78.0,5.0,13.0,11.0,12.5
62,2014-03-04,0,0,992.0,10.0,8.0,13.0,75.0,14.0,33.0,5.0,15.5
63,2014-03-05,0,0,1008.0,12.0,9.0,14.0,63.0,11.0,20.0,5.0,13.0
64,2014-03-06,1,0,1017.0,12.0,7.0,16.0,55.0,13.0,30.0,9.0,10.0
65,2014-03-07,1,0,1021.0,14.0,10.0,19.0,51.0,11.0,26.0,9.0,7.0
66,2014-03-08,0,0,1025.0,13.0,10.0,16.0,49.0,16.0,41.0,6.0,8.5
67,2014-03-09,0,0,1027.0,13.0,9.0,17.0,47.0,13.0,28.0,8.0,10.5
68,2014-03-10,2,2,1021.0,12.0,9.0,15.0,53.0,12.0,28.0,6.0,8.5
69,2014-03-11,1,0,1022.0,12.0,9.0,15.0,51.0,14.0,24.0,6.0,12.5
70,2014-03-12,1,0,1028.0,12.0,5.0,19.0,45.0,9.0,19.0,14.0,8.0
71,2014-03-13,0,0,1027.0,12.0,4.0,23.0,55.0,6.0,17.0,19.0,10.0
72,2014-03-14,1,0,1024.0,12.0,3.0,22.0,61.0,5.0,13.0,19.0,9.0
73,2014-03-15,0,0,1019.0,12.0,5.0,18.0,71.0,8.0,24.0,13.0,12.0
74,2014-03-16,0,0,1016.0,13.0,6.0,20.0,74.0,6.0,17.0,14.0,8.0
75,2014-03-17,0,0,1020.0,14.0,8.0,20.0,79.0,5.0,15.0,12.0,11.0
76,2014-03-18,1,1,1021.0,15.0,10.0,20.0,73.0,9.0,19.0,10.0,9.0
77,2014-03-19,0,0,1021.0,14.0,10.0,19.0,78.0,6.0,13.0,9.0,8.0
78,2014-03-20,0,0,1023.0,15.0,6.0,24.0,73.0,6.0,15.0,18.0,8.0
79,2014-03-21,1,0,1020.0,15.0,8.0,21.0,78.0,8.0,17.0,13.0,9.0
80,2014-03-22,0,0,1015.0,15.0,12.0,17.0,79.0,8.0,17.0,5.0,11.0
81,2014-03-23,1,1,1003.0,12.0,8.0,15.0,79.0,13.0,28.0,7.0,16.0
82,2014-03-24,2,0,1006.0,9.0,6.0,13.0,74.0,10.0,19.0,7.0,8.0
83,2014-03-25,0,0,1008.0,9.0,3.0,15.0,70.0,6.0,13.0,12.0,10.0
84,2014-03-26,0,0,1007.0,11.0,8.0,14.0,65.0,15.0,33.0,6.0,7.0
85,2014-03-27,0,0,1005.0,13.0,11.0,15.0,63.0,18.0,28.0,4.0,13.0
86,2014-03-28,0,0,1014.0,15.0,11.0,20.0,55.0,11.0,17.0,9.0,11.0
87,2014-03-29,0,0,1020.0,14.0,5.0,23.0,61.0,8.0,20.0,18.0,10.0
88,2014-03-30,0,0,1018.0,15.0,7.0,22.0,60.0,6.0,17.0,15.0,10.0
89,2014-03-31,0,0,1016.0,13.0,6.0,21.0,67.0,9.0,20.0,15.0,8.0
90,2014-04-01,1,0,1016.0,14.0,10.0,18.0,73.0,10.0,22.0,8.0,5.0
91,2014-04-02,1,0,1015.0,13.0,8.0,20.0,76.0,6.0,11.0,12.0,7.0
92,2014-04-03,1,0,1010.0,15.0,10.0,20.0,69.0,5.0,11.0,10.0,12.0
93,2014-04-04,1,0,1004.0,15.0,13.0,17.0,74.0,9.0,30.0,4.0,13.0
94,2014-04-05,2,1,1008.0,14.0,11.0,19.0,78.0,9.0,22.0,8.0,9.0
95,2014-04-06,0,0,1015.0,16.0,10.0,22.0,67.0,10.0,22.0,12.0,10.0
96,2014-04-07,0,0,1018.0,17.0,9.0,26.0,64.0,7.0,17.0,17.0,11.0
97,2014-04-08,0,0,1019.0,15.0,10.0,21.0,75.0,9.0,22.0,11.0,8.5
98,2014-04-09,1,1,1017.0,17.0,13.0,21.0,69.0,8.0,19.0,8.0,10.5
99,2014-04-10,0,0,1018.0,15.0,7.0,22.0,64.0,11.0,22.0,15.0,8.0
100,2014-04-11,2,0,1017.0,16.0,12.0,22.0,71.0,7.0,19.0,10.0,7.0
101,2014-04-12,0,0,1016.0,15.0,8.0,21.0,74.0,7.0,13.0,13.0,10.0
102,2014-04-13,1,1,1016.0,15.0,11.0,20.0,79.0,6.0,20.0,9.0,5.0
103,2014-04-14,1,0,1016.0,15.0,8.0,22.0,76.0,11.0,28.0,14.0,11.0
104,2014-04-15,1,0,1012.0,14.0,9.0,19.0,61.0,14.0,37.0,10.0,9.5
105,2014-04-16,0,0,1019.0,12.0,7.0,17.0,45.0,14.0,39.0,10.0,5.5
106,2014-04-17,0,0,1018.0,12.0,3.0,19.0,49.0,10.0,22.0,16.0,11.0
107,2014-04-18,0,0,1010.0,12.0,4.0,20.0,64.0,9.0,24.0,16.0,10.0
108,2014-04-19,0,0,1004.0,13.0,11.0,15.0,79.0,13.0,24.0,4.0,5.0
109,2014-04-20,1,0,1006.0,13.0,6.0,21.0,73.0,6.0,15.0,15.0,7.0
110,2014-04-21,0,0,1006.0,15.0,12.0,20.0,72.0,6.0,13.0,8.0,9.0
111,2014-04-22,0,0,1012.0,16.0,12.0,22.0,75.0,5.0,11.0,10.0,10.0
112,2014-04-23,1,0,1014.0,17.0,10.0,24.0,67.0,9.0,20.0,14.0,6.5
113,2014-04-24,0,0,1014.0,17.0,11.0,24.0,77.0,8.0,17.0,13.0,6.5
114,2014-04-25,0,0,1011.0,16.0,12.0,24.0,80.0,6.0,17.0,12.0,12.0
115,2014-04-26,0,0,1009.0,17.0,10.0,23.0,81.0,7.0,19.0,13.0,8.0
116,2014-04-27,0,0,1006.0,15.0,13.0,17.0,83.0,6.0,17.0,4.0,8.0
117,2014-04-28,1,0,1005.0,13.0,12.0,15.0,91.0,5.0,11.0,3.0,7.5
118,2014-04-29,1,0,1008.0,15.0,11.0,20.0,82.0,7.0,15.0,9.0,8.5
119,2014-04-30,0,0,1009.0,15.0,11.0,19.0,79.0,9.0,26.0,8.0,8.0
120,2014-05-01,1,0,1010.0,15.0,9.0,21.0,79.0,6.0,17.0,12.0,7.0
121,2014-05-02,0,0,1008.0,15.0,12.0,19.0,88.0,6.0,17.0,7.0,7.0
122,2014-05-03,1,1,1006.0,15.0,11.0,19.0,79.0,10.0,24.0,8.0,8.0
123,2014-05-04,0,0,1010.0,16.0,13.0,21.0,55.0,14.0,26.0,8.0,11.5
124,2014-05-05,1,0,1016.0,15.0,6.0,23.0,60.0,8.0,15.0,17.0,7.5
125,2014-05-06,2,1,1020.0,15.0,9.0,23.0,67.0,10.0,22.0,14.0,6.0
126,2014-05-07,0,0,1019.0,16.0,11.0,22.0,68.0,8.0,19.0,11.0,8.0
127,2014-05-08,1,0,1018.0,18.0,10.0,25.0,67.0,6.0,17.0,15.0,7.0
128,2014-05-09,0,0,1017.0,18.0,11.0,26.0,65.0,9.0,22.0,15.0,7.0
129,2014-05-10,1,0,1016.0,19.0,11.0,26.0,66.0,9.0,19.0,15.0,8.0
130,2014-05-11,0,0,1012.0,19.0,15.0,23.0,68.0,12.0,28.0,8.0,9.0
131,2014-05-12,1,0,1012.0,17.0,13.0,22.0,68.0,11.0,22.0,9.0,5.0
132,2014-05-13,1,0,1012.0,16.0,11.0,22.0,64.0,11.0,28.0,11.0,7.0
133,2014-05-14,2,0,1016.0,17.0,11.0,24.0,46.0,9.0,20.0,13.0,9.0
134,2014-05-15,0,0,1017.0,16.0,8.0,22.0,44.0,9.0,20.0,14.0,4.0
135,2014-05-16,1,0,1013.0,17.0,10.0,24.0,48.0,9.0,17.0,14.0,10.0
136,2014-05-17,0,0,1015.0,17.0,11.0,23.0,56.0,8.0,22.0,12.0,7.0
137,2014-05-18,0,0,1016.0,17.0,8.0,24.0,61.0,6.0,17.0,16.0,7.0
138,2014-05-19,0,0,1016.0,17.0,11.0,22.0,58.0,6.0,13.0,11.0,8.0
139,2014-05-20,0,0,1018.0,20.0,14.0,27.0,57.0,7.0,19.0,13.0,7.0
140,2014-05-21,0,0,1018.0,22.0,12.0,29.0,61.0,7.0,19.0,17.0,9.0
141,2014-05-22,0,0,1016.0,22.0,13.0,29.0,63.0,7.0,24.0,16.0,10.0
142,2014-05-23,1,0,1014.0,19.0,14.0,23.0,76.0,8.0,17.0,9.0,13.0
143,2014-05-24,0,0,1016.0,19.0,11.0,25.0,64.0,8.0,20.0,14.0,4.0
144,2014-05-25,1,0,1016.0,19.0,9.0,29.0,65.0,6.0,19.0,20.0,7.0
145,2014-05-26,0,0,1014.0,20.0,15.0,25.0,66.0,11.0,24.0,10.0,8.0
146,2014-05-27,1,0,1014.0,18.0,14.0,21.0,70.0,15.0,26.0,7.0,6.0
147,2014-05-28,0,0,1012.0,18.0,13.0,23.0,64.0,13.0,24.0,10.0,7.0
148,2014-05-29,1,0,1012.0,17.0,11.0,24.0,70.0,10.0,24.0,13.0,9.0
149,2014-05-30,0,0,1013.0,18.0,13.0,24.0,77.0,6.0,15.0,11.0,6.0
150,2014-05-31,1,0,1015.0,19.0,15.0,24.0,55.0,12.0,22.0,9.0,7.0
151,2014-06-01,0,0,1016.0,19.0,9.0,26.0,49.0,6.0,13.0,17.0,9.5
152,2014-06-02,0,0,1015.0,20.0,10.0,28.0,51.0,6.0,17.0,18.0,6.5
153,2014-06-03,1,0,1012.0,21.0,14.0,28.0,54.0,7.0,22.0,14.0,5.0
154,2014-06-04,0,0,1012.0,20.0,14.0,27.0,66.0,11.0,28.0,13.0,5.0
155,2014-06-05,0,0,1015.0,22.0,15.0,28.0,58.0,11.0,20.0,13.0,4.5
156,2014-06-06,1,0,1018.0,23.0,14.0,31.0,53.0,7.0,19.0,17.0,6.5
157,2014-06-07,0,0,1018.0,24.0,16.0,33.0,56.0,7.0,20.0,17.0,8.0
158,2014-06-08,0,0,1018.0,27.0,17.0,36.0,47.0,5.0,15.0,19.0,6.0
159,2014-06-09,1,0,1017.0,28.0,18.0,35.0,45.0,9.0,22.0,17.0,5.0
160,2014-06-10,0,0,1017.0,27.0,17.0,36.0,46.0,7.0,24.0,19.0,6.0
161,2014-06-11,0,0,1018.0,28.0,20.0,36.0,48.0,9.0,24.0,16.0,6.0
162,2014-06-12,1,0,1018.0,26.0,19.0,35.0,58.0,5.0,19.0,16.0,7.5
163,2014-06-13,0,0,1014.0,25.0,20.0,34.0,66.0,8.0,26.0,14.0,7.5
164,2014-06-14,0,0,1009.0,25.0,20.0,31.0,66.0,9.0,30.0,11.0,12.0
165,2014-06-15,0,0,1010.0,22.0,19.0,25.0,57.0,20.0,30.0,6.0,5.0
166,2014-06-16,0,0,1012.0,19.0,16.0,23.0,69.0,15.0,28.0,7.0,4.0
167,2014-06-17,1,0,1012.0,21.0,16.0,25.0,56.0,14.0,30.0,9.0,5.0
168,2014-06-18,2,1,1013.0,22.0,17.0,27.0,48.0,11.0,24.0,10.0,4.0
169,2014-06-19,1,0,1014.0,22.0,14.0,29.0,54.0,9.0,20.0,15.0,4.0
170,2014-06-20,1,0,1013.0,22.0,16.0,28.0,67.0,11.0,24.0,12.0,8.0
171,2014-06-21,0,0,1015.0,23.0,15.0,29.0,60.0,10.0,19.0,14.0,6.0
172,2014-06-22,1,0,1018.0,24.0,16.0,30.0,59.0,9.0,22.0,14.0,6.0
173,2014-06-23,1,1,1019.0,25.0,18.0,31.0,56.0,8.0,20.0,13.0,11.0
174,2014-06-24,0,0,1013.0,25.0,16.0,32.0,47.0,9.0,19.0,16.0,10.0
175,2014-06-25,0,0,1008.0,24.0,21.0,28.0,67.0,13.0,32.0,7.0,12.0
176,2014-06-26,0,0,1011.0,21.0,18.0,27.0,74.0,5.0,22.0,9.0,7.0
177,2014-06-27,0,0,1015.0,23.0,16.0,29.0,65.0,9.0,22.0,13.0,6.0
178,2014-06-28,2,1,1017.0,24.0,19.0,29.0,58.0,10.0,20.0,10.0,5.0
179,2014-06-29,0,0,1011.0,24.0,16.0,31.0,58.0,10.0,20.0,15.0,9.0
180,2014-06-30,2,1,1010.0,22.0,16.0,28.0,70.0,9.0,26.0,12.0,10.0
181,2014-07-01,1,0,1017.0,23.0,17.0,28.0,59.0,9.0,17.0,11.0,8.0
182,2014-07-02,0,0,1018.0,24.0,17.0,30.0,56.0,8.0,19.0,13.0,9.0
183,2014-07-03,0,0,1022.0,25.0,18.0,32.0,55.0,7.0,17.0,14.0,6.0
184,2014-07-04,0,0,1017.0,27.0,19.0,34.0,52.0,8.0,20.0,15.0,20.0
185,2014-07-05,1,0,1013.0,25.0,21.0,28.0,61.0,12.0,24.0,7.0,3.5
186,2014-07-06,1,0,1015.0,25.0,20.0,30.0,61.0,9.0,19.0,10.0,6.5
187,2014-07-07,0,0,1015.0,25.0,18.0,32.0,56.0,8.0,22.0,14.0,8.0
188,2014-07-08,0,0,1010.0,21.0,18.0,25.0,73.0,15.0,33.0,7.0,11.5
189,2014-07-09,0,0,1008.0,21.0,15.0,25.0,67.0,14.0,28.0,10.0,6.5
190,2014-07-10,1,0,1008.0,21.0,15.0,26.0,67.0,11.0,25.0,10.0,7.0
191,2014-07-11,1,0,1009.0,21.0,15.0,26.0,67.0,8.0,22.0,11.0,4.0
192,2014-07-12,1,0,1011.0,21.0,16.0,29.0,68.0,8.0,24.0,13.0,4.0
193,2014-07-13,0,0,1012.0,22.0,18.0,28.0,71.0,9.0,20.0,10.0,7.0
194,2014-07-14,0,0,1013.0,22.0,18.0,26.0,70.0,9.0,20.0,8.0,6.0
195,2014-07-15,0,0,1016.0,24.0,16.0,30.0,61.0,10.0,20.0,14.0,6.0
196,2014-07-16,1,1,1017.0,26.0,18.0,32.0,53.0,10.0,22.0,14.0,4.0
197,2014-07-17,1,0,1017.0,27.0,18.0,34.0,52.0,8.0,15.0,16.0,6.0
198,2014-07-18,0,0,1017.0,27.0,20.0,34.0,55.0,8.0,15.0,14.0,11.0
199,2014-07-19,0,0,1016.0,27.0,19.0,35.0,53.0,6.0,15.0,16.0,6.0
200,2014-07-20,0,0,1014.0,27.0,19.0,33.0,52.0,7.0,24.0,14.0,15.0
201,2014-07-21,2,0,1010.0,21.0,18.0,24.0,75.0,8.0,28.0,6.0,13.0
202,2014-07-22,0,0,1008.0,24.0,18.0,30.0,64.0,6.0,13.0,12.0,5.0
203,2014-07-23,2,0,1009.0,26.0,21.0,31.0,58.0,9.0,20.0,10.0,7.0
204,2014-07-24,0,0,1011.0,23.0,18.0,27.0,72.0,6.0,13.0,9.0,6.0
205,2014-07-25,1,0,1012.0,25.0,20.0,30.0,69.0,7.0,17.0,10.0,5.0
206,2014-07-26,1,0,1011.0,23.0,20.0,29.0,78.0,6.0,26.0,9.0,8.0
207,2014-07-27,0,0,1011.0,24.0,20.0,29.0,68.0,9.0,19.0,9.0,7.0
208,2014-07-28,0,0,1011.0,24.0,18.0,30.0,65.0,9.0,22.0,12.0,7.0
209,2014-07-29,1,0,1008.0,22.0,20.0,27.0,73.0,7.0,24.0,7.0,10.0
210,2014-07-30,0,0,1005.0,20.0,16.0,23.0,82.0,7.0,13.0,7.0,10.0
211,2014-07-31,0,0,1010.0,23.0,18.0,30.0,72.0,7.0,19.0,12.0,6.0
212,2014-08-01,0,0,1010.0,24.0,19.0,30.0,73.0,8.0,20.0,11.0,7.0
213,2014-08-02,0,0,1011.0,25.0,20.0,30.0,67.0,7.0,15.0,10.0,6.0
214,2014-08-03,1,0,1013.0,23.0,19.0,29.0,79.0,6.0,13.0,10.0,7.5
215,2014-08-04,1,0,1014.0,24.0,19.0,30.0,74.0,9.0,20.0,11.0,3.5
216,2014-08-05,1,1,1013.0,23.0,19.0,30.0,78.0,6.0,20.0,11.0,7.0
217,2014-08-06,1,0,1013.0,24.0,17.0,31.0,67.0,7.0,17.0,14.0,5.0
218,2014-08-07,2,0,1013.0,24.0,17.0,32.0,60.0,6.0,13.0,15.0,5.0
219,2014-08-08,0,0,1014.0,25.0,18.0,32.0,61.0,7.0,17.0,14.0,5.0
220,2014-08-09,4,1,1015.0,25.0,19.0,30.0,65.0,8.0,17.0,11.0,6.0
221,2014-08-10,0,0,1015.0,26.0,20.0,32.0,65.0,6.0,13.0,12.0,9.0
222,2014-08-11,0,0,1014.0,25.0,19.0,31.0,65.0,8.0,17.0,12.0,7.0
223,2014-08-12,0,0,1012.0,27.0,22.0,32.0,67.0,9.0,17.0,10.0,4.0
224,2014-08-13,1,1,1008.0,26.0,22.0,31.0,72.0,12.0,30.0,9.0,10.0
225,2014-08-14,0,0,1010.0,23.0,19.0,26.0,66.0,13.0,24.0,7.0,7.0
226,2014-08-15,0,0,1013.0,22.0,17.0,26.0,66.0,11.0,28.0,9.0,10.0
227,2014-08-16,0,0,1015.0,20.0,15.0,25.0,66.0,9.0,32.0,10.0,10.0
228,2014-08-17,1,0,1017.0,21.0,13.0,28.0,54.0,6.0,15.0,15.0,4.0
229,2014-08-18,0,0,1015.0,20.0,13.0,27.0,59.0,9.0,20.0,14.0,4.0
230,2014-08-19,1,0,1013.0,22.0,16.0,29.0,66.0,7.0,17.0,13.0,6.0
231,2014-08-20,1,0,1013.0,23.0,18.0,29.0,69.0,9.0,19.0,11.0,4.0
232,2014-08-21,0,0,1014.0,23.0,17.0,27.0,62.0,9.0,19.0,10.0,6.0
233,2014-08-22,0,0,1015.0,20.0,13.0,27.0,64.0,8.0,19.0,14.0,4.5
234,2014-08-23,2,0,1014.0,21.0,19.0,24.0,76.0,6.0,13.0,5.0,12.5
235,2014-08-24,0,0,1014.0,22.0,16.0,27.0,69.0,9.0,17.0,11.0,6.0
236,2014-08-25,0,0,1016.0,21.0,16.0,28.0,66.0,7.0,17.0,12.0,6.0
237,2014-08-26,0,0,1014.0,22.0,16.0,29.0,67.0,8.0,22.0,13.0,8.0
238,2014-08-27,1,0,1011.0,24.0,20.0,29.0,66.0,12.0,28.0,9.0,7.0
239,2014-08-28,0,0,1014.0,24.0,18.0,31.0,62.0,9.0,22.0,13.0,5.5
240,2014-08-29,1,0,1015.0,25.0,17.0,32.0,54.0,7.0,15.0,15.0,6.5
241,2014-08-30,1,0,1015.0,24.0,17.0,31.0,62.0,7.0,17.0,14.0,9.0
242,2014-08-31,2,0,1012.0,24.0,18.0,30.0,65.0,8.0,17.0,12.0,7.0
243,2014-09-01,0,0,1007.0,20.0,17.0,22.0,61.0,15.0,37.0,5.0,11.0
244,2014-09-02,3,0,1010.0,20.0,15.0,25.0,55.0,10.0,24.0,10.0,7.0
245,2014-09-03,2,0,1012.0,20.0,18.0,23.0,61.0,7.0,15.0,5.0,11.0
246,2014-09-04,0,0,1013.0,22.0,16.0,25.0,65.0,10.0,19.0,9.0,3.0
247,2014-09-05,1,0,1012.0,23.0,19.0,27.0,60.0,9.0,19.0,8.0,5.0
248,2014-09-06,0,0,1011.0,23.0,18.0,29.0,61.0,8.0,19.0,11.0,7.0
249,2014-09-07,1,0,1013.0,22.0,16.0,29.0,71.0,6.0,11.0,13.0,6.0
250,2014-09-08,1,1,1016.0,23.0,17.0,30.0,73.0,6.0,15.0,13.0,8.0
251,2014-09-09,3,1,1016.0,23.0,19.0,29.0,72.0,6.0,15.0,10.0,8.0
252,2014-09-10,0,0,1012.0,20.0,18.0,22.0,91.0,5.0,9.0,4.0,6.0
253,2014-09-11,1,0,1009.0,20.0,17.0,26.0,76.0,6.0,19.0,9.0,9.0
254,2014-09-12,1,0,1010.0,18.0,15.0,24.0,71.0,9.0,22.0,9.0,14.0
255,2014-09-13,0,0,1015.0,18.0,12.0,26.0,70.0,5.0,13.0,14.0,8.0
256,2014-09-14,3,0,1015.0,20.0,13.0,27.0,68.0,5.0,11.0,14.0,6.5
257,2014-09-15,0,0,1015.0,20.0,13.0,26.0,69.0,5.0,9.0,13.0,8.5
258,2014-09-16,1,0,1015.0,21.0,17.0,28.0,71.0,6.0,26.0,11.0,8.5
259,2014-09-17,0,0,1015.0,21.0,14.0,28.0,67.0,4.0,15.0,14.0,7.5
260,2014-09-18,2,1,1015.0,21.0,16.0,28.0,69.0,4.0,9.0,12.0,7.0
261,2014-09-19,0,0,1017.0,22.0,19.0,26.0,82.0,5.0,30.0,7.0,13.0
262,2014-09-20,0,0,1016.0,24.0,21.0,30.0,75.0,9.0,19.0,9.0,9.0
263,2014-09-21,0,0,1015.0,23.0,19.0,27.0,75.0,8.0,19.0,8.0,8.0
264,2014-09-22,1,0,1010.0,22.0,18.0,27.0,76.0,8.0,20.0,9.0,10.0
265,2014-09-23,1,0,1014.0,19.0,14.0,25.0,50.0,12.0,24.0,11.0,11.0
266,2014-09-24,1,0,1016.0,15.0,8.0,22.0,66.0,7.0,15.0,14.0,6.0
267,2014-09-25,0,0,1016.0,18.0,12.0,25.0,71.0,6.0,17.0,13.0,8.0
268,2014-09-26,1,0,1020.0,19.0,12.0,25.0,57.0,7.0,15.0,13.0,8.0
269,2014-09-27,1,0,1024.0,19.0,11.0,29.0,66.0,5.0,13.0,18.0,7.0
270,2014-09-28,0,0,1026.0,20.0,11.0,28.0,64.0,6.0,17.0,17.0,7.0
271,2014-09-29,1,0,1027.0,18.0,11.0,26.0,66.0,5.0,9.0,15.0,6.0
272,2014-09-30,1,1,1026.0,19.0,12.0,26.0,71.0,5.0,9.0,14.0,4.0
273,2014-10-01,0,0,1023.0,19.0,14.0,26.0,87.0,5.0,9.0,12.0,5.0
274,2014-10-02,0,0,1022.0,20.0,18.0,24.0,66.0,11.0,20.0,6.0,9.0
275,2014-10-03,1,0,1021.0,20.0,16.0,25.0,57.0,11.0,26.0,9.0,7.5
276,2014-10-04,1,0,1017.0,19.0,14.0,24.0,60.0,11.0,20.0,10.0,6.5
277,2014-10-05,0,0,1015.0,18.0,11.0,24.0,64.0,11.0,22.0,13.0,4.0
278,2014-10-06,1,0,1014.0,18.0,11.0,25.0,65.0,5.0,15.0,14.0,8.0
279,2014-10-07,0,0,1017.0,17.0,10.0,24.0,76.0,4.0,9.0,14.0,6.0
280,2014-10-08,0,0,1018.0,20.0,14.0,26.0,75.0,7.0,17.0,12.0,9.0
281,2014-10-09,1,0,1017.0,21.0,16.0,26.0,72.0,6.0,17.0,10.0,8.0
282,2014-10-10,0,0,1017.0,23.0,19.0,28.0,66.0,5.0,13.0,9.0,6.0
283,2014-10-11,0,0,1016.0,22.0,17.0,27.0,74.0,7.0,19.0,10.0,9.0
284,2014-10-12,2,0,1016.0,20.0,15.0,27.0,84.0,4.0,9.0,12.0,6.0
285,2014-10-13,0,0,1013.0,21.0,18.0,26.0,84.0,9.0,22.0,8.0,18.0
286,2014-10-14,1,0,1011.0,19.0,15.0,24.0,86.0,5.0,13.0,9.0,8.0
287,2014-10-15,0,0,1009.0,20.0,17.0,24.0,85.0,5.0,15.0,7.0,14.0
288,2014-10-16,3,1,1014.0,20.0,18.0,24.0,85.0,7.0,11.0,6.0,7.0
289,2014-10-17,1,0,1018.0,22.0,19.0,25.0,80.0,11.0,28.0,6.0,7.0
290,2014-10-18,4,1,1023.0,21.0,18.0,26.0,83.0,4.0,7.0,8.0,7.0
291,2014-10-19,1,0,1024.0,19.0,15.0,26.0,85.0,4.0,7.0,11.0,6.0
292,2014-10-20,1,0,1022.0,18.0,15.0,23.0,87.0,4.0,7.0,8.0,9.0
293,2014-10-21,0,0,1013.0,20.0,18.0,23.0,86.0,7.0,13.0,5.0,15.0
294,2014-10-22,3,0,1007.0,17.0,9.0,21.0,39.0,15.0,26.0,12.0,13.0
295,2014-10-23,2,2,1009.0,12.0,4.0,20.0,54.0,5.0,20.0,16.0,7.0
296,2014-10-24,0,0,1013.0,15.0,10.0,23.0,58.0,8.0,19.0,13.0,8.5
297,2014-10-25,1,0,1019.0,13.0,7.0,20.0,67.0,10.0,28.0,13.0,7.5
298,2014-10-26,0,0,1022.0,14.0,11.0,18.0,57.0,12.0,26.0,7.0,3.0
299,2014-10-27,2,1,1024.0,14.0,11.0,17.0,56.0,15.0,30.0,6.0,3.0
300,2014-10-28,1,0,1021.0,12.0,8.0,17.0,62.0,9.0,22.0,9.0,4.0
301,2014-10-29,2,0,1019.0,12.0,6.0,19.0,71.0,4.0,7.0,13.0,7.0
302,2014-10-30,2,1,1023.0,11.0,3.0,21.0,73.0,3.0,7.0,18.0,7.0
303,2014-10-31,1,0,1025.0,11.0,2.0,21.0,66.0,7.0,17.0,19.0,5.0
304,2014-11-01,1,0,1024.0,12.0,4.0,23.0,66.0,4.0,7.0,19.0,7.0
305,2014-11-02,0,0,1022.0,11.0,3.0,20.0,80.0,4.0,7.0,17.0,6.0
306,2014-11-03,0,0,1019.0,13.0,6.0,20.0,80.0,6.0,11.0,14.0,8.0
307,2014-11-04,0,0,1009.0,17.0,12.0,23.0,65.0,17.0,26.0,11.0,11.0
308,2014-11-05,0,0,1003.0,17.0,15.0,18.0,88.0,13.0,26.0,3.0,15.0
309,2014-11-06,1,0,1007.0,14.0,13.0,15.0,95.0,5.0,11.0,2.0,5.5
310,2014-11-07,0,0,1008.0,15.0,13.0,19.0,90.0,6.0,17.0,6.0,11.5
311,2014-11-08,0,0,1011.0,16.0,12.0,19.0,84.0,5.0,9.0,7.0,7.0
312,2014-11-09,1,0,1013.0,15.0,11.0,20.0,83.0,6.0,13.0,9.0,7.0
313,2014-11-10,1,0,1015.0,16.0,14.0,17.0,82.0,12.0,24.0,3.0,8.0
314,2014-11-11,0,0,1013.0,15.0,13.0,20.0,92.0,4.0,7.0,7.0,10.0
315,2014-11-12,1,0,1005.0,15.0,13.0,16.0,94.0,4.0,9.0,3.0,4.0
316,2014-11-13,1,0,1008.0,15.0,14.0,18.0,89.0,5.0,9.0,4.0,9.0
317,2014-11-14,1,0,1013.0,14.0,11.0,19.0,90.0,4.0,7.0,8.0,6.0
318,2014-11-15,0,0,1008.0,13.0,11.0,16.0,90.0,13.0,22.0,5.0,14.0
319,2014-11-16,0,0,1007.0,13.0,11.0,15.0,88.0,8.0,17.0,4.0,11.0
320,2014-11-17,0,0,1007.0,11.0,7.0,12.0,95.0,7.0,17.0,5.0,14.0
321,2014-11-18,1,0,1008.0,12.0,8.0,16.0,88.0,9.0,15.0,8.0,8.0
322,2014-11-19,1,0,1017.0,11.0,6.0,17.0,85.0,5.0,19.0,11.0,13.0
323,2014-11-20,0,0,1024.0,8.0,5.0,16.0,91.0,3.0,6.0,11.0,9.0
324,2014-11-21,0,0,1023.0,9.0,4.0,12.0,90.0,3.0,6.0,8.0,7.0
325,2014-11-22,0,0,1024.0,12.0,11.0,14.0,94.0,3.0,4.0,3.0,7.0
326,2014-11-23,0,0,1025.0,14.0,10.0,20.0,89.0,3.0,6.0,10.0,7.0
327,2014-11-24,0,0,1023.0,11.0,7.0,14.0,97.0,3.0,6.0,7.0,8.0
328,2014-11-25,3,0,1020.0,13.0,11.0,16.0,91.0,3.0,6.0,5.0,6.0
329,2014-11-26,0,0,1015.0,14.0,13.0,16.0,95.0,3.0,6.0,3.0,6.0
330,2014-11-27,1,1,1013.0,14.0,11.0,19.0,90.0,5.0,11.0,8.0,4.0
331,2014-11-28,1,0,1011.0,13.0,10.0,17.0,93.0,4.0,13.0,7.0,8.0
332,2014-11-29,2,0,1012.0,13.0,8.0,17.0,88.0,4.0,11.0,9.0,3.0
333,2014-11-30,2,0,1009.0,15.0,12.0,18.0,91.0,4.0,9.0,6.0,13.0
334,2014-12-01,0,0,1001.0,16.0,12.0,19.0,76.0,9.0,19.0,7.0,11.0
335,2014-12-02,0,0,1003.0,13.0,9.0,19.0,78.0,5.0,15.0,10.0,6.0
336,2014-12-03,4,1,1007.0,13.0,11.0,16.0,71.0,9.0,19.0,5.0,14.0
337,2014-12-04,0,0,1013.0,11.0,8.0,13.0,90.0,4.0,9.0,5.0,5.0
338,2014-12-05,0,0,1014.0,11.0,8.0,14.0,93.0,4.0,9.0,6.0,5.0
339,2014-12-06,2,0,1013.0,12.0,8.0,16.0,87.0,9.0,19.0,8.0,6.0
340,2014-12-07,0,0,1014.0,10.0,7.0,12.0,84.0,4.0,7.0,5.0,3.0
341,2014-12-08,1,0,1015.0,10.0,4.0,15.0,67.0,7.0,13.0,11.0,5.0
342,2014-12-09,0,0,1014.0,9.0,2.0,12.0,63.0,13.0,35.0,10.0,16.0
343,2014-12-10,2,0,1021.0,9.0,3.0,13.0,48.0,10.0,19.0,10.0,5.0
344,2014-12-11,2,0,1018.0,5.0,0.0,13.0,74.0,4.0,6.0,13.0,12.0
345,2014-12-12,1,0,1021.0,5.0,-2.0,11.0,82.0,4.0,9.0,13.0,10.0
346,2014-12-13,1,0,1022.0,9.0,10.0,13.0,91.0,4.0,9.0,3.0,5.0
347,2014-12-14,0,0,1022.0,13.0,9.0,17.0,95.0,3.0,7.0,8.0,2.0
348,2014-12-15,0,0,1020.0,13.0,12.0,17.0,97.0,4.0,15.0,5.0,7.0
349,2014-12-16,0,0,1010.0,12.0,10.0,13.0,97.0,4.0,11.0,3.0,10.0
350,2014-12-17,3,0,1012.0,11.0,9.0,14.0,93.0,4.0,7.0,5.0,10.0
351,2014-12-18,1,0,1019.0,9.0,5.0,15.0,94.0,3.0,4.0,10.0,13.0
352,2014-12-19,0,0,1024.0,10.0,7.0,14.0,88.0,3.0,7.0,7.0,3.0
353,2014-12-20,0,0,1022.0,12.0,10.0,18.0,87.0,3.0,6.0,8.0,9.0
354,2014-12-21,0,0,1026.0,10.0,4.0,17.0,86.0,3.0,7.0,13.0,9.0
355,2014-12-22,0,0,1031.0,5.0,1.0,10.0,91.0,3.0,7.0,9.0,7.0
356,2014-12-23,2,0,1030.0,10.0,7.0,13.0,89.0,4.0,7.0,6.0,5.0
357,2014-12-24,1,0,1027.0,12.0,10.0,14.0,82.0,6.0,11.0,4.0,4.0
358,2014-12-25,3,0,1022.0,12.0,9.0,14.0,83.0,6.0,9.0,5.0,8.0
359,2014-12-26,0,0,1021.0,7.0,1.0,12.0,66.0,9.0,22.0,11.0,6.0
360,2014-12-27,1,0,1011.0,2.0,-3.0,7.0,88.0,6.0,19.0,10.0,26.0
361,2014-12-28,1,0,1002.0,5.0,1.0,7.0,66.0,13.0,30.0,6.0,18.5
362,2014-12-29,2,0,1021.0,4.0,-3.0,8.0,51.0,14.0,26.0,11.0,16.5
363,2014-12-30,1,0,1028.0,2.0,-4.0,5.0,59.0,12.0,22.0,9.0,5.0
364,2014-12-31,0,0,1028.0,1.0,0.0,3.0,58.0,13.0,32.0,3.0,10.0
365,2015-01-01,0,0,1032.0,5.0,0.0,8.0,45.0,11.0,24.0,8.0,7.0
366,2015-01-02,0,0,1031.0,5.0,-1.0,13.0,71.0,4.0,9.0,14.0,9.0
367,2015-01-03,0,0,1027.0,6.0,2.0,8.0,86.0,3.0,7.0,6.0,10.5
368,2015-01-04,0,0,1021.0,10.0,7.0,15.0,74.0,6.0,22.0,8.0,10.0
369,2015-01-05,1,0,1029.0,6.0,0.0,13.0,55.0,6.0,11.0,13.0,9.5
370,2015-01-06,0,0,1025.0,4.0,-3.0,12.0,82.0,3.0,6.0,15.0,9.0
371,2015-01-07,0,0,1029.0,7.0,2.0,11.0,87.0,3.0,4.0,9.0,6.0
372,2015-01-08,1,0,1032.0,9.0,3.0,15.0,83.0,4.0,7.0,12.0,8.0
373,2015-01-09,1,0,1031.0,10.0,7.0,13.0,89.0,5.0,9.0,6.0,15.0
374,2015-01-10,0,0,1024.0,12.0,10.0,13.0,85.0,6.0,9.0,3.0,9.0
375,2015-01-11,2,0,1018.0,11.0,6.0,13.0,86.0,5.0,20.0,7.0,20.0
376,2015-01-12,0,0,1029.0,8.0,1.0,15.0,49.0,8.0,22.0,14.0,12.0
377,2015-01-13,1,0,1029.0,6.0,0.0,15.0,81.0,4.0,9.0,15.0,7.5
378,2015-01-14,0,0,1022.0,9.0,6.0,12.0,90.0,4.0,15.0,6.0,11.0
379,2015-01-15,2,0,1021.0,11.0,7.0,16.0,81.0,7.0,19.0,9.0,6.5
380,2015-01-16,1,0,1018.0,10.0,5.0,13.0,84.0,12.0,20.0,8.0,6.0
381,2015-01-17,2,0,1015.0,12.0,7.0,14.0,79.0,10.0,22.0,7.0,11.0
382,2015-01-18,0,0,1017.0,7.0,2.0,13.0,83.0,5.0,9.0,11.0,5.0
383,2015-01-19,2,0,1013.0,3.0,-2.0,11.0,85.0,3.0,7.0,13.0,6.0
384,2015-01-20,1,0,1009.0,7.0,1.0,12.0,79.0,5.0,13.0,11.0,8.0
385,2015-01-21,1,0,1009.0,9.0,5.0,12.0,88.0,8.0,17.0,7.0,6.0
386,2015-01-22,1,0,1009.0,10.0,9.0,12.0,76.0,9.0,20.0,3.0,5.0
387,2015-01-23,1,0,1006.0,10.0,9.0,12.0,63.0,14.0,22.0,3.0,9.0
388,2015-01-24,0,0,1010.0,10.0,6.0,13.0,55.0,8.0,20.0,7.0,5.0
389,2015-01-25,1,0,1015.0,8.0,6.0,11.0,57.0,12.0,24.0,5.0,10.0
390,2015-01-26,1,0,1021.0,7.0,0.0,10.0,47.0,14.0,20.0,10.0,5.0
391,2015-01-27,1,0,1016.0,3.0,-3.0,9.0,60.0,5.0,15.0,12.0,10.0
392,2015-01-28,0,0,1016.0,3.0,-4.0,11.0,55.0,7.0,20.0,15.0,6.0
393,2015-01-29,0,0,1002.0,1.0,-2.0,6.0,83.0,4.0,9.0,8.0,24.0
394,2015-01-30,1,1,998.0,6.0,0.0,11.0,89.0,12.0,24.0,11.0,22.0
395,2015-01-31,0,0,995.0,2.0,-2.0,8.0,92.0,5.0,13.0,10.0,8.0
396,2015-02-01,0,0,991.0,4.0,1.0,8.0,87.0,6.0,11.0,7.0,10.0
397,2015-02-02,1,1,1001.0,4.0,-2.0,10.0,82.0,6.0,28.0,12.0,14.0
398,2015-02-03,2,0,1002.0,5.0,2.0,8.0,84.0,9.0,28.0,6.0,9.0
399,2015-02-04,1,0,1000.0,8.0,7.0,10.0,66.0,13.0,30.0,3.0,10.0
400,2015-02-05,1,0,999.0,7.0,5.0,9.0,79.0,12.0,28.0,4.0,13.5
401,2015-02-06,4,1,1002.0,6.0,3.0,7.0,69.0,14.0,26.0,4.0,19.5
402,2015-02-07,0,0,1016.0,6.0,2.0,9.0,62.0,8.0,19.0,7.0,9.0
403,2015-02-08,0,0,1013.0,4.0,-2.0,10.0,69.0,7.0,22.0,12.0,19.0
404,2015-02-09,0,0,1021.0,4.0,0.0,9.0,54.0,9.0,20.0,9.0,10.0
405,2015-02-10,0,0,1023.0,4.0,-3.0,14.0,77.0,4.0,6.0,17.0,11.0
406,2015-02-11,0,0,1024.0,6.0,-2.0,17.0,73.0,4.0,7.0,19.0,9.0
407,2015-02-12,0,0,1023.0,7.0,-1.0,17.0,71.0,4.0,9.0,18.0,7.0
408,2015-02-13,1,0,1022.0,7.0,0.0,14.0,79.0,5.0,11.0,14.0,3.0
409,2015-02-14,0,0,1017.0,9.0,6.0,13.0,88.0,5.0,15.0,7.0,10.0
410,2015-02-15,0,0,1013.0,9.0,8.0,11.0,82.0,9.0,19.0,3.0,7.0
411,2015-02-16,0,0,1015.0,12.0,7.0,13.0,66.0,24.0,35.0,6.0,8.0
412,2015-02-17,0,0,1025.0,12.0,9.0,15.0,55.0,14.0,24.0,6.0,12.0
413,2015-02-18,0,0,1032.0,9.0,7.0,13.0,48.0,14.0,28.0,6.0,7.0
414,2015-02-19,0,0,1031.0,7.0,-1.0,15.0,50.0,6.0,11.0,16.0,8.0
415,2015-02-20,1,0,1025.0,6.0,-2.0,13.0,68.0,5.0,13.0,15.0,12.0
416,2015-02-21,0,0,1010.0,8.0,4.0,11.0,77.0,10.0,22.0,7.0,18.5
417,2015-02-22,0,0,999.0,9.0,7.0,12.0,79.0,11.0,24.0,5.0,11.5
418,2015-02-23,1,0,1004.0,12.0,8.0,17.0,62.0,9.0,22.0,9.0,7.0
419,2015-02-24,0,0,1000.0,10.0,6.0,13.0,78.0,9.0,30.0,7.0,9.5
420,2015-02-25,1,0,1008.0,10.0,8.0,13.0,55.0,14.0,33.0,5.0,11.5
421,2015-02-26,1,0,1015.0,10.0,9.0,13.0,55.0,14.0,22.0,4.0,6.0
422,2015-02-27,0,0,1011.0,10.0,4.0,15.0,60.0,6.0,17.0,11.0,10.0
423,2015-02-28,0,0,1015.0,9.0,1.0,17.0,65.0,6.0,13.0,16.0,7.0
424,2015-03-01,0,0,1018.0,8.0,1.0,14.0,82.0,6.0,26.0,13.0,8.0
425,2015-03-02,0,0,1014.0,12.0,8.0,15.0,93.0,8.0,22.0,7.0,12.0
426,2015-03-03,0,0,1019.0,13.0,8.0,19.0,77.0,6.0,19.0,11.0,11.0
427,2015-03-04,1,0,1019.0,10.0,8.0,13.0,86.0,6.0,13.0,5.0,11.0
428,2015-03-05,1,0,1015.0,9.0,6.0,11.0,44.0,38.0,76.0,5.0,18.5
429,2015-03-06,0,0,1027.0,9.0,7.0,12.0,31.0,24.0,44.0,5.0,10.5
430,2015-03-07,0,0,1028.0,9.0,6.0,13.0,33.0,20.0,43.0,7.0,10.0
431,2015-03-08,2,0,1024.0,9.0,6.0,12.0,40.0,17.0,32.0,6.0,10.0
432,2015-03-09,1,0,1024.0,9.0,5.0,13.0,51.0,14.0,28.0,8.0,8.0
433,2015-03-10,0,0,1023.0,9.0,0.0,18.0,58.0,8.0,20.0,18.0,7.0
434,2015-03-11,1,0,1020.0,9.0,2.0,15.0,76.0,5.0,15.0,13.0,9.0
435,2015-03-12,0,0,1020.0,10.0,4.0,14.0,48.0,13.0,32.0,10.0,6.0
436,2015-03-13,0,0,1019.0,8.0,1.0,16.0,58.0,6.0,19.0,15.0,6.0
437,2015-03-14,1,1,1019.0,8.0,3.0,14.0,66.0,5.0,9.0,11.0,7.0
438,2015-03-15,0,0,1022.0,9.0,3.0,14.0,72.0,12.0,32.0,11.0,7.0
439,2015-03-16,2,0,1023.0,10.0,8.0,12.0,87.0,7.0,22.0,4.0,7.0
440,2015-03-17,0,0,1023.0,13.0,10.0,16.0,73.0,12.0,28.0,6.0,5.0
441,2015-03-18,0,0,1023.0,13.0,8.0,19.0,57.0,8.0,17.0,11.0,5.0
442,2015-03-19,1,0,1021.0,12.0,4.0,20.0,61.0,4.0,11.0,16.0,7.0
443,2015-03-20,2,0,1021.0,12.0,4.0,21.0,61.0,5.0,9.0,17.0,8.0
444,2015-03-21,2,0,1018.0,11.0,6.0,16.0,73.0,5.0,17.0,10.0,7.0
445,2015-03-22,3,0,1013.0,12.0,8.0,17.0,67.0,13.0,30.0,9.0,8.0
446,2015-03-23,3,0,1014.0,14.0,10.0,18.0,53.0,16.0,26.0,8.0,6.0
447,2015-03-24,2,0,1011.0,13.0,9.0,18.0,71.0,5.0,13.0,9.0,11.200000000000045
448,2015-03-25,0,0,998.0,14.0,12.0,15.0,73.0,13.0,30.0,3.0,13.799999999999955
449,2015-03-26,1,0,1004.0,13.0,8.0,16.0,84.0,10.0,33.0,8.0,12.0
450,2015-03-27,6,0,1008.0,12.0,9.0,15.0,78.0,8.0,26.0,6.0,9.0
451,2015-03-28,0,0,1014.0,14.0,7.0,20.0,41.0,10.0,20.0,13.0,9.0
452,2015-03-29,0,0,1013.0,12.0,3.0,20.0,52.0,7.0,22.0,17.0,9.0
453,2015-03-30,1,0,1008.0,13.0,9.0,17.0,71.0,9.0,26.0,8.0,12.5
454,2015-03-31,3,0,1011.0,14.0,9.0,20.0,77.0,11.0,26.0,11.0,9.5
455,2015-04-01,0,0,1012.0,16.0,9.0,22.0,59.0,10.0,28.0,13.0,11.0
456,2015-04-02,2,0,1015.0,12.0,4.0,20.0,53.0,10.0,28.0,16.0,10.0
457,2015-04-03,1,0,1015.0,13.0,5.0,19.0,57.0,8.0,15.0,14.0,7.0
458,2015-04-04,1,0,1010.0,11.0,8.0,14.0,74.0,8.0,19.0,6.0,10.0
459,2015-04-05,1,0,1008.0,9.0,8.0,11.0,62.0,17.0,28.0,3.0,12.5
460,2015-04-06,1,0,1018.0,9.0,4.0,13.0,37.0,17.0,28.0,9.0,9.5
461,2015-04-07,1,0,1027.0,8.0,2.0,14.0,46.0,12.0,35.0,12.0,12.0
462,2015-04-08,0,0,1028.0,9.0,-1.0,18.0,56.0,8.0,19.0,19.0,9.5
463,2015-04-09,0,0,1028.0,12.0,3.0,22.0,64.0,6.0,13.0,19.0,8.5
464,2015-04-10,0,0,1027.0,13.0,6.0,21.0,62.0,8.0,19.0,15.0,12.0
465,2015-04-11,0,0,1027.0,12.0,6.0,19.0,69.0,7.0,13.0,13.0,9.0
466,2015-04-12,2,0,1028.0,15.0,6.0,24.0,65.0,8.0,19.0,18.0,10.0
467,2015-04-13,1,0,1027.0,16.0,6.0,24.0,61.0,9.0,22.0,18.0,9.0
468,2015-04-14,1,0,1026.0,15.0,9.0,22.0,72.0,6.0,17.0,13.0,8.0
469,2015-04-15,0,0,1023.0,16.0,8.0,24.0,66.0,8.0,17.0,16.0,9.0
470,2015-04-16,4,0,1020.0,16.0,9.0,24.0,68.0,8.0,17.0,15.0,9.0
471,2015-04-17,0,0,1016.0,16.0,13.0,20.0,71.0,8.0,17.0,7.0,10.0
472,2015-04-18,0,0,1014.0,15.0,12.0,20.0,78.0,7.0,35.0,8.0,10.0
473,2015-04-19,0,0,1018.0,13.0,11.0,16.0,45.0,18.0,41.0,5.0,8.0
474,2015-04-20,1,0,1018.0,15.0,6.0,23.0,37.0,8.0,17.0,17.0,7.0
475,2015-04-21,0,0,1022.0,15.0,5.0,24.0,48.0,7.0,15.0,19.0,10.0
476,2015-04-22,0,0,1023.0,15.0,6.0,24.0,52.0,9.0,22.0,18.0,9.0
477,2015-04-23,2,0,1018.0,14.0,9.0,23.0,69.0,8.0,26.0,14.0,13.0
478,2015-04-24,0,0,1016.0,16.0,10.0,23.0,71.0,6.0,13.0,13.0,9.0
479,2015-04-25,1,0,1017.0,16.0,8.0,22.0,72.0,7.0,13.0,14.0,8.0
480,2015-04-26,1,0,1014.0,16.0,13.0,22.0,84.0,5.0,15.0,9.0,8.0
481,2015-04-27,0,0,1006.0,15.0,12.0,18.0,84.0,12.0,22.0,6.0,12.0
482,2015-04-28,1,0,1005.0,14.0,10.0,19.0,88.0,5.0,11.0,9.0,12.0
483,2015-04-29,0,0,1016.0,17.0,13.0,23.0,78.0,8.0,22.0,10.0,11.0
484,2015-04-30,0,0,1018.0,15.0,11.0,20.0,70.0,10.0,20.0,9.0,7.0
485,2015-05-01,0,0,1015.0,15.0,10.0,19.0,72.0,9.0,19.0,9.0,8.0
486,2015-05-02,0,0,1012.0,17.0,14.0,22.0,84.0,6.0,13.0,8.0,7.0
487,2015-05-03,0,0,1014.0,19.0,15.0,23.0,76.0,6.0,13.0,8.0,6.0
488,2015-05-04,0,0,1014.0,21.0,14.0,27.0,71.0,5.0,9.0,13.0,6.0
489,2015-05-05,0,0,1012.0,22.0,14.0,30.0,64.0,6.0,15.0,16.0,9.0
490,2015-05-06,0,0,1013.0,20.0,13.0,26.0,76.0,5.0,9.0,13.0,17.0
491,2015-05-07,0,0,1016.0,19.0,11.0,26.0,73.0,8.0,20.0,15.0,4.0
492,2015-05-08,3,0,1016.0,18.0,12.0,24.0,64.0,7.0,17.0,12.0,6.0
493,2015-05-09,0,0,1016.0,19.0,11.0,27.0,66.0,7.0,15.0,16.0,7.0
494,2015-05-10,1,1,1021.0,21.0,12.0,28.0,59.0,8.0,20.0,16.0,8.0
495,2015-05-11,1,0,1023.0,21.0,11.0,29.0,54.0,7.0,17.0,18.0,8.0
496,2015-05-12,0,0,1023.0,21.0,12.0,29.0,56.0,8.0,19.0,17.0,8.0
497,2015-05-13,0,0,1022.0,20.0,13.0,26.0,61.0,12.0,26.0,13.0,7.5
498,2015-05-14,1,0,1013.0,20.0,13.0,26.0,60.0,11.0,19.0,13.0,10.5
499,2015-05-15,0,0,1007.0,17.0,13.0,22.0,80.0,9.0,28.0,9.0,22.0
500,2015-05-16,0,0,1016.0,17.0,10.0,21.0,77.0,6.0,13.0,11.0,16.0
501,2015-05-17,0,0,1016.0,23.0,16.0,27.0,58.0,12.0,26.0,11.0,8.0
502,2015-05-18,0,0,1012.0,22.0,12.0,30.0,55.0,7.0,19.0,18.0,10.0
503,2015-05-19,0,0,1009.0,20.0,14.0,26.0,64.0,9.0,19.0,12.0,6.5
504,2015-05-20,1,1,1010.0,17.0,14.0,22.0,81.0,7.0,20.0,8.0,11.5
505,2015-05-21,0,0,1013.0,15.0,12.0,20.0,81.0,7.0,13.0,8.0,12.0
506,2015-05-22,1,0,1013.0,14.0,12.0,16.0,73.0,10.0,20.0,4.0,8.0
507,2015-05-23,0,0,1011.0,14.0,12.0,17.0,86.0,6.0,15.0,5.0,7.0
508,2015-05-24,0,0,1013.0,16.0,12.0,21.0,73.0,8.0,19.0,9.0,8.5
509,2015-05-25,0,0,1013.0,17.0,9.0,25.0,65.0,9.0,22.0,16.0,5.5
510,2015-05-26,1,0,1010.0,17.0,13.0,21.0,76.0,6.0,11.0,8.0,6.0
511,2015-05-27,1,0,1014.0,18.0,14.0,24.0,60.0,12.0,35.0,10.0,6.0
512,2015-05-28,1,0,1018.0,18.0,10.0,25.0,57.0,8.0,17.0,15.0,6.0
513,2015-05-29,1,0,1016.0,19.0,10.0,26.0,61.0,9.0,17.0,16.0,4.0
514,2015-05-30,2,0,1016.0,18.0,11.0,25.0,63.0,9.0,19.0,14.0,4.0
515,2015-05-31,1,1,1017.0,20.0,12.0,27.0,60.0,8.0,22.0,15.0,7.0
516,2015-06-01,1,0,1018.0,21.0,12.0,29.0,59.0,7.0,17.0,17.0,7.0
517,2015-06-02,0,0,1020.0,21.0,13.0,29.0,59.0,8.0,20.0,16.0,4.5
518,2015-06-03,0,0,1021.0,22.0,14.0,31.0,63.0,8.0,19.0,17.0,8.5
519,2015-06-04,0,0,1021.0,25.0,16.0,33.0,62.0,9.0,20.0,17.0,4.0
520,2015-06-05,1,1,1019.0,27.0,17.0,34.0,48.0,11.0,22.0,17.0,5.0
521,2015-06-06,1,0,1019.0,27.0,17.0,35.0,49.0,6.0,19.0,18.0,7.0
522,2015-06-07,0,0,1019.0,27.0,18.0,33.0,51.0,10.0,20.0,15.0,6.0
523,2015-06-08,0,0,1015.0,26.0,18.0,32.0,51.0,8.0,17.0,14.0,9.0
524,2015-06-09,0,0,1015.0,23.0,17.0,28.0,61.0,7.0,19.0,11.0,7.0
525,2015-06-10,0,0,1017.0,22.0,17.0,31.0,69.0,7.0,30.0,14.0,6.0
526,2015-06-11,0,0,1016.0,24.0,16.0,32.0,66.0,6.0,22.0,16.0,7.0
527,2015-06-12,0,0,1016.0,24.0,18.0,30.0,64.0,7.0,20.0,12.0,5.0
528,2015-06-13,1,0,1014.0,24.0,17.0,33.0,56.0,7.0,17.0,16.0,5.5
529,2015-06-14,0,0,1011.0,21.0,17.0,26.0,72.0,5.0,17.0,9.0,7.5
530,2015-06-15,1,0,1014.0,21.0,18.0,26.0,82.0,8.0,22.0,8.0,9.0
531,2015-06-16,0,0,1015.0,22.0,16.0,27.0,70.0,10.0,20.0,11.0,10.0
532,2015-06-17,0,0,1014.0,21.0,18.0,25.0,66.0,9.0,20.0,7.0,5.5
533,2015-06-18,0,0,1015.0,22.0,15.0,28.0,54.0,7.0,17.0,13.0,5.5
534,2015-06-19,0,0,1011.0,22.0,16.0,27.0,67.0,7.0,17.0,11.0,8.0
535,2015-06-20,1,0,1011.0,22.0,17.0,28.0,56.0,10.0,28.0,11.0,10.0
536,2015-06-21,0,0,1015.0,22.0,15.0,28.0,49.0,6.0,13.0,13.0,6.0
537,2015-06-22,0,0,1016.0,22.0,15.0,29.0,58.0,9.0,24.0,14.0,8.0
538,2015-06-23,0,0,1010.0,24.0,19.0,30.0,57.0,13.0,24.0,11.0,8.0
539,2015-06-24,0,0,1016.0,22.0,16.0,26.0,52.0,15.0,28.0,10.0,11.0
540,2015-06-25,0,0,1020.0,23.0,14.0,29.0,44.0,9.0,15.0,15.0,6.0
541,2015-06-26,0,0,1018.0,24.0,15.0,31.0,49.0,6.0,19.0,16.0,7.0
542,2015-06-27,1,0,1017.0,24.0,15.0,30.0,52.0,9.0,20.0,15.0,8.0
543,2015-06-28,0,0,1016.0,25.0,16.0,33.0,55.0,6.0,11.0,17.0,6.5
544,2015-06-29,0,0,1018.0,26.0,18.0,32.0,50.0,7.0,13.0,14.0,7.5
545,2015-06-30,0,0,1018.0,27.0,20.0,34.0,54.0,6.0,17.0,14.0,5.0
546,2015-07-01,0,0,1019.0,28.0,18.0,35.0,48.0,7.0,17.0,17.0,5.0
547,2015-07-02,1,0,1021.0,28.0,20.0,35.0,53.0,8.0,19.0,15.0,7.0
548,2015-07-03,0,0,1022.0,29.0,21.0,37.0,50.0,8.0,22.0,16.0,10.0
549,2015-07-04,0,0,1021.0,30.0,21.0,37.0,46.0,7.0,17.0,16.0,9.0
550,2015-07-05,2,0,1018.0,30.0,22.0,37.0,49.0,9.0,22.0,15.0,7.0
551,2015-07-06,0,0,1018.0,28.0,22.0,36.0,55.0,8.0,20.0,14.0,7.0
552,2015-07-07,2,0,1016.0,29.0,21.0,36.0,52.0,9.0,19.0,15.0,8.0
553,2015-07-08,2,0,1010.0,29.0,23.0,34.0,58.0,9.0,22.0,11.0,8.0
554,2015-07-09,1,0,1010.0,28.0,22.0,33.0,59.0,11.0,24.0,11.0,8.0
555,2015-07-10,0,0,1015.0,28.0,23.0,32.0,40.0,12.0,26.0,9.0,10.0
556,2015-07-11,0,0,1016.0,27.0,17.0,35.0,46.0,10.0,20.0,18.0,7.0
557,2015-07-12,0,0,1015.0,27.0,18.0,34.0,52.0,9.0,18.0,16.0,5.5
558,2015-07-13,0,0,1014.0,27.0,20.0,33.0,57.0,8.0,15.0,13.0,8.5
559,2015-07-14,1,0,1014.0,29.0,20.0,36.0,49.0,8.0,17.0,16.0,5.0
560,2015-07-15,0,0,1015.0,30.0,21.0,37.0,43.0,8.0,20.0,16.0,5.5
561,2015-07-16,0,0,1017.0,30.0,22.0,38.0,43.0,8.0,19.0,16.0,7.5
562,2015-07-17,0,0,1018.0,29.0,20.0,37.0,44.0,9.0,22.0,17.0,8.0
563,2015-07-18,2,1,1016.0,29.0,20.0,37.0,49.0,8.0,19.0,17.0,8.0
564,2015-07-19,0,0,1014.0,29.0,19.0,37.0,45.0,10.0,24.0,18.0,7.0
565,2015-07-20,1,0,1012.0,29.0,20.0,37.0,43.0,8.0,17.0,17.0,6.0
566,2015-07-21,1,0,1013.0,30.0,21.0,38.0,47.0,8.0,19.0,17.0,7.0
567,2015-07-22,0,0,1013.0,29.0,22.0,39.0,53.0,9.0,39.0,17.0,18.0
568,2015-07-23,0,0,1010.0,28.0,19.0,37.0,57.0,7.0,20.0,18.0,10.5
569,2015-07-24,1,1,1009.0,27.0,22.0,37.0,59.0,8.0,22.0,15.0,12.0
570,2015-07-25,1,1,1010.0,25.0,21.0,30.0,70.0,7.0,20.0,9.0,8.5
571,2015-07-26,0,0,1010.0,27.0,20.0,34.0,56.0,10.0,22.0,14.0,6.0
572,2015-07-27,0,0,1008.0,26.0,22.0,32.0,58.0,15.0,30.0,10.0,5.0
573,2015-07-28,0,0,1009.0,26.0,19.0,31.0,58.0,12.0,26.0,12.0,8.0
574,2015-07-29,0,0,1009.0,26.0,20.0,32.0,53.0,11.0,25.0,12.0,7.0
575,2015-07-30,0,0,1009.0,27.0,22.0,33.0,48.0,10.0,24.0,11.0,5.0
576,2015-07-31,0,0,1011.0,26.0,20.0,32.0,52.0,10.0,20.0,12.0,6.0
577,2015-08-01,0,0,1013.0,25.0,19.0,33.0,59.0,8.0,24.0,14.0,12.0
578,2015-08-02,0,0,1015.0,25.0,19.0,33.0,65.0,6.0,17.0,14.0,4.0
579,2015-08-03,0,0,1015.0,28.0,19.0,35.0,52.0,8.0,19.0,16.0,7.0
580,2015-08-04,1,0,1014.0,28.0,20.0,36.0,53.0,8.0,20.0,16.0,7.0
581,2015-08-05,1,1,1014.0,29.0,21.0,37.0,53.0,8.0,19.0,16.0,6.0
582,2015-08-06,2,1,1014.0,30.0,21.0,37.0,46.0,10.0,20.0,16.0,6.0
583,2015-08-07,0,0,1014.0,31.0,21.0,38.0,44.0,10.0,20.0,17.0,8.0
584,2015-08-08,0,0,1015.0,30.0,22.0,38.0,46.0,7.0,17.0,16.0,8.0
585,2015-08-09,1,0,1014.0,28.0,23.0,37.0,58.0,10.0,32.0,14.0,11.5
586,2015-08-10,1,0,1013.0,22.0,19.0,26.0,86.0,7.0,19.0,7.0,14.5
587,2015-08-11,1,0,1012.0,26.0,19.0,33.0,63.0,8.0,22.0,14.0,9.0
588,2015-08-12,0,0,1015.0,28.0,18.0,35.0,47.0,9.0,26.0,17.0,8.0
589,2015-08-13,3,0,1014.0,28.0,19.0,38.0,46.0,6.0,13.0,19.0,6.0
590,2015-08-14,0,0,1010.0,26.0,20.0,34.0,56.0,8.0,19.0,14.0,9.0
591,2015-08-15,0,0,1009.0,24.0,20.0,30.0,66.0,9.0,28.0,10.0,10.0
592,2015-08-16,0,0,1008.0,22.0,20.0,28.0,69.0,8.0,17.0,8.0,6.0
593,2015-08-17,0,0,1010.0,22.0,16.0,28.0,63.0,12.0,28.0,12.0,6.0
594,2015-08-18,2,0,1012.0,23.0,16.0,30.0,61.0,8.0,17.0,14.0,9.0
595,2015-08-19,0,0,1013.0,21.0,17.0,28.0,77.0,7.0,30.0,11.0,12.0
596,2015-08-20,0,0,1017.0,22.0,15.0,29.0,65.0,5.0,11.0,14.0,6.0
597,2015-08-21,0,0,1017.0,23.0,16.0,30.0,57.0,7.0,13.0,14.0,5.0
598,2015-08-22,3,0,1017.0,24.0,16.0,30.0,49.0,9.0,15.0,14.0,7.0
599,2015-08-23,1,0,1013.0,24.0,16.0,30.0,51.0,6.0,15.0,14.0,6.0
600,2015-08-24,1,0,1012.0,22.0,18.0,26.0,78.0,8.0,17.0,8.0,9.0
601,2015-08-25,0,0,1015.0,23.0,18.0,29.0,69.0,9.0,24.0,11.0,6.0
602,2015-08-26,0,0,1017.0,23.0,15.0,32.0,64.0,5.0,17.0,17.0,6.0
603,2015-08-27,0,0,1017.0,25.0,17.0,33.0,61.0,5.0,11.0,16.0,6.0
604,2015-08-28,2,1,1019.0,25.0,18.0,33.0,61.0,5.0,11.0,15.0,7.0
605,2015-08-29,1,0,1021.0,27.0,17.0,35.0,56.0,5.0,17.0,18.0,8.0
606,2015-08-30,0,0,1020.0,27.0,19.0,34.0,60.0,6.0,15.0,15.0,7.0
607,2015-08-31,0,0,1017.0,25.0,17.0,34.0,59.0,7.0,15.0,17.0,6.0
608,2015-09-01,1,0,1014.0,24.0,16.0,32.0,61.0,8.0,19.0,16.0,8.0
609,2015-09-02,1,0,1012.0,24.0,18.0,31.0,61.0,9.0,24.0,13.0,9.0
610,2015-09-03,2,0,1013.0,23.0,16.0,29.0,63.0,7.0,17.0,13.0,7.0
611,2015-09-04,1,0,1013.0,23.0,18.0,29.0,64.0,8.0,19.0,11.0,9.0
612,2015-09-05,0,0,1012.0,22.0,17.0,27.0,60.0,14.0,30.0,10.0,8.0
613,2015-09-06,1,1,1016.0,21.0,14.0,28.0,56.0,6.0,17.0,14.0,7.0
614,2015-09-07,0,0,1018.0,21.0,13.0,28.0,52.0,7.0,20.0,15.0,7.0
615,2015-09-08,2,1,1019.0,21.0,17.0,26.0,39.0,13.0,22.0,9.0,9.0
616,2015-09-09,0,0,1016.0,19.0,11.0,26.0,47.0,13.0,28.0,15.0,5.0
617,2015-09-10,0,0,1015.0,21.0,15.0,26.0,42.0,11.0,22.0,11.0,4.0
618,2015-09-11,2,0,1018.0,20.0,12.0,27.0,51.0,7.0,17.0,15.0,6.0
619,2015-09-12,2,1,1021.0,20.0,12.0,28.0,61.0,5.0,15.0,16.0,5.0
620,2015-09-13,0,0,1017.0,18.0,14.0,22.0,85.0,6.0,17.0,8.0,11.0
621,2015-09-14,1,0,1010.0,25.0,21.0,28.0,69.0,14.0,24.0,7.0,9.0
622,2015-09-15,1,0,1012.0,23.0,19.0,27.0,70.0,6.0,11.0,8.0,5.0
623,2015-09-16,2,1,1010.0,24.0,19.0,31.0,77.0,7.0,17.0,12.0,6.0
624,2015-09-17,0,0,1010.0,26.0,23.0,31.0,66.0,11.0,19.0,8.0,4.0
625,2015-09-18,1,0,1015.0,24.0,17.0,28.0,64.0,8.0,19.0,11.0,8.0
626,2015-09-19,2,0,1017.0,19.0,14.0,25.0,71.0,6.0,13.0,11.0,6.0
627,2015-09-20,0,0,1014.0,19.0,12.0,26.0,73.0,8.0,24.0,14.0,7.0
628,2015-09-21,0,0,1014.0,20.0,12.0,27.0,60.0,6.0,13.0,15.0,9.0
629,2015-09-22,1,0,1010.0,19.0,11.0,26.0,68.0,8.0,20.0,15.0,4.0
630,2015-09-23,0,0,1007.0,18.0,14.0,21.0,81.0,10.0,19.0,7.0,9.0
631,2015-09-24,1,0,1011.0,16.0,13.0,19.0,70.0,12.0,20.0,6.0,6.0
632,2015-09-25,1,1,1014.0,19.0,15.0,23.0,60.0,10.0,19.0,8.0,5.0
633,2015-09-26,0,0,1016.0,19.0,13.0,24.0,58.0,12.0,22.0,11.0,5.0
634,2015-09-27,0,0,1020.0,20.0,16.0,23.0,49.0,14.0,24.0,7.0,6.0
635,2015-09-28,0,0,1023.0,18.0,16.0,20.0,50.0,15.0,24.0,4.0,8.0
636,2015-09-29,2,0,1024.0,17.0,13.0,20.0,51.0,21.0,35.0,7.0,7.0
637,2015-09-30,1,1,1024.0,17.0,14.0,20.0,54.0,13.0,32.0,6.0,8.0
638,2015-10-01,0,0,1022.0,15.0,14.0,17.0,66.0,10.0,26.0,3.0,12.5
639,2015-10-02,3,0,1019.0,19.0,16.0,24.0,67.0,20.0,41.0,8.0,11.5
640,2015-10-03,1,0,1022.0,18.0,14.0,23.0,80.0,5.0,9.0,9.0,5.0
641,2015-10-04,0,0,1020.0,18.0,14.0,23.0,87.0,9.0,19.0,9.0,8.0
642,2015-10-05,0,0,1016.0,20.0,17.0,26.0,82.0,6.0,19.0,9.0,9.0
643,2015-10-06,3,0,1011.0,20.0,18.0,24.0,88.0,5.0,9.0,6.0,12.0
644,2015-10-07,2,0,1009.0,19.0,17.0,25.0,86.0,6.0,11.0,8.0,9.0
645,2015-10-08,1,0,1014.0,18.0,13.0,24.0,74.0,9.0,17.0,11.0,4.0
646,2015-10-09,0,0,1015.0,17.0,10.0,23.0,73.0,7.0,20.0,13.0,5.5
647,2015-10-10,0,0,1007.0,17.0,15.0,19.0,70.0,14.0,30.0,4.0,15.5
648,2015-10-11,0,0,1007.0,18.0,13.0,23.0,59.0,10.0,20.0,10.0,9.5
649,2015-10-12,0,0,1014.0,15.0,10.0,21.0,83.0,4.0,11.0,11.0,9.5
650,2015-10-13,0,0,1012.0,17.0,16.0,19.0,95.0,7.0,15.0,3.0,7.0
651,2015-10-14,1,1,1007.0,17.0,16.0,20.0,92.0,7.0,13.0,4.0,8.0
652,2015-10-15,1,0,1009.0,15.0,13.0,17.0,82.0,8.0,17.0,4.0,8.0
653,2015-10-16,2,0,1014.0,13.0,9.0,17.0,77.0,8.0,17.0,8.0,10.5
654,2015-10-17,0,0,1018.0,12.0,10.0,19.0,85.0,4.0,9.0,9.0,5.5
655,2015-10-18,1,1,1017.0,13.0,9.0,18.0,88.0,4.0,7.0,9.0,5.0
656,2015-10-19,0,0,1012.0,15.0,12.0,21.0,81.0,5.0,11.0,9.0,7.0
657,2015-10-20,0,0,1014.0,14.0,8.0,19.0,57.0,13.0,24.0,11.0,6.0
658,2015-10-21,0,0,1014.0,14.0,12.0,17.0,51.0,11.0,20.0,5.0,7.0
659,2015-10-22,0,0,1012.0,13.0,10.0,17.0,53.0,13.0,19.0,7.0,8.0
660,2015-10-23,0,0,1018.0,15.0,12.0,20.0,49.0,14.0,24.0,8.0,8.0
661,2015-10-24,0,0,1020.0,16.0,10.0,24.0,58.0,7.0,17.0,14.0,9.5
662,2015-10-25,0,0,1022.0,13.0,6.0,20.0,82.0,4.0,6.0,14.0,8.5
663,2015-10-26,0,0,1021.0,13.0,7.0,20.0,83.0,4.0,7.0,13.0,7.0
664,2015-10-27,0,0,1019.0,12.0,6.0,18.0,86.0,3.0,7.0,12.0,5.0
665,2015-10-28,0,0,1015.0,16.0,13.0,18.0,92.0,8.0,19.0,5.0,10.0
666,2015-10-29,1,0,1015.0,14.0,12.0,19.0,85.0,6.0,13.0,7.0,10.0
667,2015-10-30,0,0,1021.0,16.0,12.0,20.0,67.0,10.0,20.0,8.0,4.0
668,2015-10-31,1,0,1026.0,16.0,13.0,18.0,54.0,11.0,26.0,5.0,10.0
669,2015-11-01,1,0,1030.0,15.0,13.0,18.0,54.0,14.0,28.0,5.0,6.0
670,2015-11-02,0,0,1030.0,14.0,8.0,19.0,59.0,8.0,17.0,11.0,4.0
671,2015-11-03,1,0,1028.0,12.0,5.0,20.0,78.0,4.0,7.0,15.0,4.0
672,2015-11-04,0,0,1023.0,15.0,13.0,21.0,82.0,3.0,7.0,8.0,7.0
673,2015-11-05,5,0,1021.0,16.0,12.0,21.0,86.0,4.0,9.0,9.0,8.0
674,2015-11-06,2,0,1024.0,16.0,11.0,20.0,85.0,5.0,9.0,9.0,7.0
675,2015-11-07,3,0,1027.0,13.0,9.0,19.0,87.0,4.0,6.0,10.0,9.0
676,2015-11-08,2,0,1030.0,12.0,6.0,20.0,87.0,4.0,6.0,14.0,6.0
677,2015-11-09,2,0,1029.0,14.0,11.0,18.0,87.0,6.0,13.0,7.0,6.0
678,2015-11-10,1,0,1026.0,13.0,8.0,19.0,88.0,4.0,7.0,11.0,6.0
679,2015-11-11,0,0,1025.0,14.0,12.0,16.0,86.0,4.0,7.0,4.0,6.0
680,2015-11-12,0,0,1026.0,12.0,6.0,19.0,86.0,3.0,7.0,13.0,9.0
681,2015-11-13,1,0,1028.0,11.0,5.0,15.0,94.0,3.0,6.0,10.0,9.0
682,2015-11-14,0,0,1026.0,14.0,11.0,19.0,87.0,5.0,9.0,8.0,5.0
683,2015-11-15,0,0,1021.0,14.0,12.0,16.0,90.0,4.0,7.0,4.0,4.0
684,2015-11-16,1,0,1020.0,14.0,9.0,18.0,86.0,4.0,9.0,9.0,5.0
685,2015-11-17,1,0,1021.0,14.0,12.0,16.0,83.0,6.0,11.0,4.0,6.0
686,2015-11-18,1,1,1022.0,15.0,13.0,17.0,81.0,4.0,7.0,4.0,4.0
687,2015-11-19,0,0,1023.0,14.0,13.0,17.0,80.0,7.0,17.0,4.0,7.5
688,2015-11-20,2,1,1015.0,15.0,13.0,18.0,80.0,7.0,17.0,5.0,18.5
689,2015-11-21,3,0,992.0,14.0,7.0,17.0,80.0,14.0,32.0,10.0,20.0
690,2015-11-22,1,0,1002.0,7.0,2.0,12.0,68.0,9.0,26.0,10.0,22.0
691,2015-11-23,1,0,1016.0,7.0,3.0,10.0,77.0,8.0,17.0,7.0,9.0
692,2015-11-24,0,0,1020.0,7.0,2.0,12.0,64.0,8.0,17.0,10.0,9.0
693,2015-11-25,0,0,1010.0,4.0,-1.0,9.0,84.0,4.0,9.0,10.0,15.5
694,2015-11-26,0,0,1002.0,8.0,4.0,10.0,54.0,23.0,46.0,6.0,12.5
695,2015-11-27,0,0,1009.0,9.0,5.0,12.0,50.0,16.0,32.0,7.0,10.0
696,2015-11-28,0,0,1014.0,5.0,-1.0,10.0,74.0,5.0,13.0,11.0,8.0
697,2015-11-29,3,0,1023.0,6.0,1.0,13.0,87.0,3.0,6.0,12.0,10.0
698,2015-11-30,1,0,1027.0,7.0,1.0,13.0,93.0,3.0,7.0,12.0,9.0
699,2015-12-01,2,0,1026.0,12.0,9.0,15.0,84.0,4.0,7.0,6.0,5.0
700,2015-12-02,0,0,1029.0,12.0,9.0,16.0,83.0,4.0,9.0,7.0,4.0
701,2015-12-03,1,0,1032.0,10.0,6.0,12.0,81.0,5.0,9.0,6.0,8.0
702,2015-12-04,0,0,1034.0,8.0,3.0,11.0,90.0,3.0,6.0,8.0,3.0
703,2015-12-05,6,0,1035.0,10.0,6.0,15.0,85.0,3.0,7.0,9.0,5.0
704,2015-12-06,3,0,1036.0,6.0,0.0,11.0,92.0,3.0,6.0,11.0,5.0
705,2015-12-07,0,0,1036.0,6.0,1.0,11.0,91.0,3.0,7.0,10.0,5.0
706,2015-12-08,1,0,1033.0,8.0,4.0,13.0,95.0,3.0,6.0,9.0,5.0
707,2015-12-09,1,0,1032.0,7.0,3.0,14.0,97.0,3.0,7.0,11.0,7.0
708,2015-12-10,4,0,1033.0,9.0,3.0,16.0,65.0,8.0,15.0,13.0,10.0
709,2015-12-11,0,0,1032.0,5.0,3.0,14.0,81.0,3.0,6.0,11.0,7.0
710,2015-12-12,1,0,1027.0,9.0,4.0,13.0,87.0,5.0,9.0,9.0,5.0
711,2015-12-13,1,0,1024.0,10.0,9.0,11.0,95.0,3.0,6.0,2.0,6.0
712,2015-12-14,0,0,1025.0,8.0,3.0,13.0,96.0,4.0,7.0,10.0,5.5
713,2015-12-15,0,0,1028.0,5.0,1.0,8.0,96.0,3.0,6.0,7.0,9.5
714,2015-12-16,4,0,1030.0,8.0,3.0,13.0,92.0,3.0,7.0,10.0,4.0
715,2015-12-17,1,0,1030.0,5.0,0.0,12.0,94.0,4.0,7.0,12.0,4.0
716,2015-12-18,2,0,1029.0,7.0,2.0,10.0,92.0,3.0,6.0,8.0,5.5
717,2015-12-19,0,0,1028.0,9.0,4.0,15.0,92.0,3.0,6.0,11.0,8.5
718,2015-12-20,0,0,1030.0,5.0,1.0,6.0,100.0,3.0,6.0,5.0,7.0
719,2015-12-21,0,0,1034.0,7.0,4.0,10.0,95.0,4.0,7.0,6.0,6.0
720,2015-12-22,4,0,1036.0,9.0,8.0,10.0,98.0,3.0,6.0,2.0,4.5
721,2015-12-23,2,0,1033.0,11.0,9.0,15.0,92.0,5.0,9.0,6.0,5.5
722,2015-12-24,2,1,1033.0,11.0,9.0,14.0,90.0,4.0,7.0,5.0,6.0
723,2015-12-25,0,0,1035.0,9.0,5.0,15.0,94.0,3.0,7.0,10.0,8.5
724,2015-12-26,0,0,1034.0,5.0,2.0,6.0,100.0,3.0,6.0,4.0,9.5
725,2015-12-27,0,0,1034.0,4.0,3.0,5.0,100.0,3.0,6.0,2.0,7.0
726,2015-12-28,1,0,1033.0,4.0,2.0,5.0,100.0,3.0,6.0,3.0,7.0
727,2015-12-29,0,0,1029.0,7.0,4.0,14.0,91.0,4.0,11.0,10.0,9.0
728,2015-12-30,1,1,1028.0,6.0,1.0,13.0,76.0,7.0,17.0,12.0,6.0
729,2015-12-31,2,0,1027.0,6.0,1.0,10.0,64.0,5.0,13.0,9.0,6.0
730,2016-01-01,2,0,1026.0,4.0,-1.0,12.0,79.0,3.0,7.0,13.0,7.0
731,2016-01-02,0,0,1016.0,7.0,5.0,8.0,97.0,4.0,9.0,3.0,16.0
732,2016-01-03,0,0,1008.0,7.0,4.0,10.0,82.0,7.0,22.0,6.0,13.0
733,2016-01-04,3,0,999.0,6.0,4.0,10.0,97.0,5.0,9.0,6.0,14.0
734,2016-01-05,0,0,1000.0,8.0,6.0,11.0,99.0,5.0,13.0,5.0,8.0
735,2016-01-06,0,0,1000.0,7.0,5.0,9.0,95.0,6.0,11.0,4.0,7.0
736,2016-01-07,3,0,1005.0,7.0,4.0,9.0,96.0,5.0,9.0,5.0,10.0
737,2016-01-08,1,0,1008.0,9.0,8.0,10.0,100.0,4.0,7.0,2.0,11.0
738,2016-01-09,0,0,1007.0,12.0,8.0,16.0,93.0,5.0,11.0,8.0,7.0
739,2016-01-10,2,0,1005.0,14.0,10.0,17.0,81.0,13.0,24.0,7.0,10.5
740,2016-01-11,0,0,1002.0,14.0,8.0,17.0,77.0,18.0,32.0,9.0,16.5
741,2016-01-12,3,0,1006.0,12.0,10.0,14.0,64.0,15.0,28.0,4.0,10.0
742,2016-01-13,0,0,1014.0,9.0,4.0,15.0,66.0,6.0,13.0,11.0,11.5
743,2016-01-14,1,0,1015.0,6.0,2.0,8.0,94.0,6.0,13.0,6.0,12.5
744,2016-01-15,4,0,1009.0,7.0,-1.0,12.0,72.0,6.0,17.0,13.0,10.0
745,2016-01-16,0,0,1012.0,5.0,-1.0,9.0,59.0,11.0,30.0,10.0,9.0
746,2016-01-17,0,0,1016.0,3.0,-3.0,9.0,52.0,7.0,22.0,12.0,6.0
747,2016-01-18,1,0,1019.0,3.0,-3.0,8.0,41.0,6.0,11.0,11.0,9.0
748,2016-01-19,1,0,1016.0,1.0,-6.0,9.0,62.0,4.0,9.0,15.0,8.0
749,2016-01-20,1,0,1018.0,0.0,-6.0,5.0,77.0,4.0,13.0,11.0,6.0
750,2016-01-21,0,0,1021.0,2.0,-4.0,11.0,82.0,3.0,9.0,15.0,13.0
751,2016-01-22,0,0,1030.0,3.0,-4.0,12.0,76.0,4.0,9.0,16.0,7.0
752,2016-01-23,1,1,1032.0,1.0,-3.0,6.0,92.0,3.0,9.0,9.0,7.0
753,2016-01-24,1,1,1035.0,2.0,-5.0,11.0,84.0,4.0,9.0,16.0,9.0
754,2016-01-25,0,0,1034.0,5.0,0.0,12.0,88.0,3.0,6.0,12.0,4.0
755,2016-01-26,2,1,1032.0,9.0,5.0,14.0,88.0,3.0,9.0,9.0,6.0
756,2016-01-27,1,0,1030.0,11.0,10.0,13.0,93.0,6.0,17.0,3.0,7.0
757,2016-01-28,0,0,1030.0,11.0,10.0,13.0,95.0,5.0,9.0,3.0,5.5
758,2016-01-29,2,0,1032.0,11.0,9.0,15.0,88.0,5.0,11.0,6.0,6.5
759,2016-01-30,2,0,1029.0,12.0,10.0,16.0,83.0,11.0,28.0,6.0,10.0
760,2016-01-31,4,0,1020.0,12.0,11.0,13.0,87.0,8.0,19.0,2.0,10.0
761,2016-02-01,0,0,1024.0,13.0,7.0,18.0,84.0,5.0,9.0,11.0,12.0
762,2016-02-02,2,0,1027.0,10.0,5.0,13.0,97.0,3.0,6.0,8.0,8.0
763,2016-02-03,0,0,1017.0,12.0,7.0,14.0,87.0,8.0,24.0,7.0,16.0
764,2016-02-04,2,0,1022.0,8.0,2.0,14.0,61.0,9.0,19.0,12.0,10.0
765,2016-02-05,1,0,1026.0,6.0,-2.0,15.0,77.0,3.0,7.0,17.0,10.0
766,2016-02-06,1,0,1029.0,6.0,-1.0,14.0,86.0,4.0,13.0,15.0,8.0
767,2016-02-07,0,0,1013.0,12.0,12.0,13.0,77.0,20.0,22.0,1.0,14.5
768,2016-02-08,2,0,1016.0,12.0,10.0,15.0,83.0,10.0,22.0,5.0,8.5
769,2016-02-09,0,0,1012.0,13.0,10.0,16.0,75.0,12.0,28.0,6.0,22.5
770,2016-02-10,0,0,999.0,11.0,5.0,13.0,57.0,23.0,37.0,8.0,12.5
771,2016-02-11,0,0,1008.0,7.0,1.0,14.0,67.0,6.0,17.0,13.0,6.0
772,2016-02-12,0,0,1004.0,8.0,6.0,13.0,92.0,8.0,19.0,7.0,13.0
773,2016-02-13,0,0,998.0,10.0,7.0,13.0,83.0,8.0,20.0,6.0,9.0
774,2016-02-14,1,0,994.0,12.0,9.0,15.0,84.0,10.0,26.0,6.0,14.5
775,2016-02-15,2,0,1002.0,8.0,6.0,11.0,92.0,6.0,15.0,5.0,17.5
776,2016-02-16,1,0,1016.0,10.0,7.0,13.0,81.0,12.0,35.0,6.0,16.0
777,2016-02-17,0,0,1018.0,8.0,6.0,9.0,92.0,6.0,19.0,3.0,10.0
778,2016-02-18,2,1,1015.0,8.0,3.0,13.0,84.0,6.0,15.0,10.0,11.0
779,2016-02-19,1,0,1018.0,9.0,6.0,13.0,79.0,10.0,24.0,7.0,9.0
780,2016-02-20,0,0,1025.0,8.0,2.0,14.0,74.0,7.0,20.0,12.0,11.0
781,2016-02-21,0,0,1025.0,10.0,5.0,13.0,78.0,8.0,15.0,8.0,8.0
782,2016-02-22,0,0,1022.0,11.0,5.0,17.0,81.0,7.0,11.0,12.0,11.0
783,2016-02-23,0,0,1013.0,12.0,10.0,16.0,83.0,7.0,22.0,6.0,12.0
784,2016-02-24,0,0,1013.0,12.0,9.0,17.0,80.0,5.0,15.0,8.0,8.0
785,2016-02-25,1,1,1010.0,11.0,8.0,14.0,90.0,6.0,22.0,6.0,5.0
786,2016-02-26,0,0,1009.0,9.0,7.0,13.0,91.0,5.0,15.0,6.0,7.0
787,2016-02-27,1,1,1006.0,10.0,7.0,14.0,87.0,11.0,26.0,7.0,7.0
788,2016-02-28,0,0,1003.0,12.0,9.0,15.0,77.0,15.0,33.0,6.0,16.5
789,2016-02-29,1,1,1002.0,10.0,7.0,13.0,83.0,13.0,26.0,6.0,15.5
790,2016-03-01,0,0,1011.0,9.0,2.0,16.0,80.0,7.0,17.0,14.0,9.0
791,2016-03-02,1,0,1009.0,10.0,3.0,16.0,79.0,8.0,17.0,13.0,18.0
792,2016-03-03,1,0,997.0,8.0,6.0,12.0,68.0,12.0,28.0,6.0,13.0
793,2016-03-04,1,0,1006.0,9.0,2.0,14.0,60.0,7.0,19.0,12.0,8.0
794,2016-03-05,0,0,1001.0,11.0,6.0,16.0,74.0,18.0,33.0,10.0,15.0
795,2016-03-06,0,0,1001.0,8.0,5.0,12.0,83.0,9.0,20.0,7.0,8.0
796,2016-03-07,1,0,1002.0,7.0,4.0,12.0,85.0,7.0,19.0,8.0,6.0
797,2016-03-08,2,0,1007.0,6.0,3.0,9.0,88.0,8.0,15.0,6.0,6.0
798,2016-03-09,2,0,1007.0,7.0,2.0,11.0,77.0,8.0,17.0,9.0,7.0
799,2016-03-10,1,0,1008.0,10.0,6.0,14.0,59.0,12.0,26.0,8.0,11.0
800,2016-03-11,2,0,1014.0,11.0,9.0,14.0,60.0,13.0,26.0,5.0,5.0
801,2016-03-12,0,0,1016.0,12.0,11.0,15.0,56.0,16.0,26.0,4.0,6.0
802,2016-03-13,2,0,1017.0,11.0,10.0,12.0,56.0,17.0,24.0,2.0,8.0
803,2016-03-14,2,0,1020.0,11.0,7.0,14.0,55.0,13.0,24.0,7.0,6.0
804,2016-03-15,0,0,1016.0,11.0,6.0,16.0,47.0,8.0,13.0,10.0,11.0
805,2016-03-16,1,0,1018.0,11.0,8.0,14.0,54.0,20.0,32.0,6.0,12.0
806,2016-03-17,0,0,1022.0,11.0,8.0,15.0,59.0,14.0,32.0,7.0,6.0
807,2016-03-18,2,0,1017.0,12.0,5.0,20.0,55.0,7.0,15.0,15.0,10.0
808,2016-03-19,0,0,1017.0,10.0,3.0,18.0,75.0,8.0,17.0,15.0,5.0
809,2016-03-20,0,0,1018.0,12.0,7.0,17.0,79.0,5.0,15.0,10.0,11.0
810,2016-03-21,1,0,1013.0,12.0,9.0,18.0,85.0,4.0,11.0,9.0,8.0
811,2016-03-22,1,0,1002.0,14.0,8.0,18.0,64.0,22.0,48.0,10.0,14.0
812,2016-03-23,1,0,996.0,11.0,8.0,14.0,49.0,16.0,28.0,6.0,11.0
813,2016-03-24,1,0,1007.0,12.0,6.0,17.0,35.0,14.0,22.0,11.0,14.0
814,2016-03-25,2,0,1016.0,10.0,1.0,17.0,51.0,6.0,15.0,16.0,9.0
815,2016-03-26,1,0,1017.0,12.0,3.0,20.0,62.0,6.0,13.0,17.0,8.0
816,2016-03-27,1,1,1017.0,11.0,6.0,18.0,73.0,8.0,20.0,12.0,7.0
817,2016-03-28,0,0,1015.0,12.0,10.0,17.0,84.0,8.0,24.0,7.0,6.0
818,2016-03-29,1,0,1017.0,14.0,10.0,19.0,69.0,10.0,20.0,9.0,11.0
819,2016-03-30,0,0,1020.0,15.0,9.0,21.0,76.0,7.0,15.0,12.0,9.5
820,2016-03-31,1,0,1017.0,16.0,9.0,23.0,70.0,5.0,11.0,14.0,13.5
821,2016-04-01,1,0,1014.0,16.0,10.0,22.0,67.0,7.0,17.0,12.0,11.0
822,2016-04-02,1,0,1016.0,16.0,10.0,24.0,68.0,6.0,14.0,14.0,11.0
823,2016-04-03,0,0,1017.0,16.0,9.0,25.0,68.0,4.0,11.0,16.0,7.0
824,2016-04-04,1,0,1014.0,18.0,11.0,25.0,62.0,8.0,19.0,14.0,10.0
825,2016-04-05,0,0,1011.0,17.0,10.0,25.0,59.0,5.0,9.0,15.0,7.0
826,2016-04-06,2,1,1010.0,18.0,9.0,27.0,57.0,5.0,11.0,18.0,10.0
827,2016-04-07,0,0,1006.0,17.0,9.0,26.0,59.0,5.0,11.0,17.0,8.0
828,2016-04-08,0,0,1002.0,15.0,12.0,17.0,77.0,6.0,11.0,5.0,6.0
829,2016-04-09,1,1,1004.0,12.0,7.0,16.0,78.0,7.0,19.0,9.0,6.0
830,2016-04-10,0,0,1010.0,13.0,8.0,18.0,72.0,8.0,18.0,11.0,8.0
831,2016-04-11,0,0,1015.0,14.0,8.0,21.0,65.0,8.0,17.0,13.0,8.0
832,2016-04-12,0,0,1015.0,15.0,8.0,22.0,70.0,6.0,11.0,14.0,10.0
833,2016-04-13,0,0,1010.0,16.0,10.0,22.0,74.0,9.0,22.0,12.0,8.0
834,2016-04-14,0,0,1011.0,16.0,10.0,21.0,66.0,12.0,20.0,11.0,9.0
835,2016-04-15,2,0,1015.0,15.0,7.0,23.0,62.0,9.0,20.0,16.0,6.0
836,2016-04-16,1,0,1014.0,16.0,7.0,24.0,64.0,8.0,17.0,17.0,7.5
837,2016-04-17,0,0,1013.0,18.0,12.0,23.0,67.0,8.0,15.0,11.0,10.5
838,2016-04-18,2,0,1015.0,16.0,11.0,22.0,65.0,11.0,24.0,11.0,6.0
839,2016-04-19,1,0,1016.0,16.0,8.0,21.0,56.0,12.0,26.0,13.0,8.0
840,2016-04-20,3,0,1022.0,16.0,7.0,24.0,50.0,11.0,30.0,17.0,10.0
841,2016-04-21,0,0,1022.0,16.0,5.0,25.0,51.0,7.0,19.0,20.0,9.0
842,2016-04-22,0,0,1017.0,16.0,12.0,21.0,67.0,8.0,19.0,9.0,14.0
843,2016-04-23,0,0,1008.0,13.0,12.0,15.0,91.0,6.0,15.0,3.0,11.0
844,2016-04-24,1,0,1001.0,13.0,11.0,17.0,86.0,7.0,19.0,6.0,5.0
845,2016-04-25,1,0,1007.0,11.0,7.0,17.0,56.0,10.0,20.0,10.0,9.0
846,2016-04-26,0,0,1009.0,10.0,5.0,16.0,75.0,10.0,24.0,11.0,8.0
847,2016-04-27,2,1,1009.0,13.0,8.0,17.0,62.0,16.0,35.0,9.0,9.0
848,2016-04-28,1,0,1013.0,12.0,8.0,18.0,76.0,6.0,11.0,10.0,7.5
849,2016-04-29,2,0,1016.0,14.0,5.0,22.0,68.0,6.0,15.0,17.0,5.5
850,2016-04-30,0,0,1015.0,14.0,7.0,23.0,79.0,5.0,15.0,16.0,8.0
851,2016-05-01,1,1,1010.0,14.0,10.0,19.0,72.0,8.0,24.0,9.0,8.0
852,2016-05-02,1,0,1011.0,14.0,12.0,17.0,69.0,11.0,20.0,5.0,9.0
853,2016-05-03,0,0,1013.0,17.0,10.0,24.0,61.0,9.0,22.0,14.0,8.0
854,2016-05-04,0,0,1016.0,17.0,11.0,24.0,61.0,7.0,17.0,13.0,8.0
855,2016-05-05,0,0,1019.0,17.0,12.0,21.0,51.0,13.0,26.0,9.0,9.5
856,2016-05-06,0,0,1017.0,17.0,9.0,25.0,56.0,7.0,19.0,16.0,9.5
857,2016-05-07,0,0,1013.0,17.0,8.0,25.0,67.0,7.0,17.0,17.0,7.0
858,2016-05-08,0,0,1014.0,17.0,13.0,22.0,77.0,6.0,19.0,9.0,7.0
859,2016-05-09,0,0,1016.0,18.0,14.0,25.0,75.0,5.0,9.0,11.0,8.0
860,2016-05-10,0,0,1014.0,20.0,14.0,24.0,69.0,6.0,15.0,10.0,11.0
861,2016-05-11,1,0,1006.0,18.0,16.0,20.0,87.0,5.0,11.0,4.0,13.0
862,2016-05-12,1,0,1002.0,17.0,14.0,20.0,72.0,16.0,33.0,6.0,6.0
863,2016-05-13,1,0,1001.0,17.0,15.0,20.0,65.0,14.0,32.0,5.0,6.0
864,2016-05-14,0,0,1004.0,17.0,13.0,23.0,76.0,8.0,17.0,10.0,8.5
865,2016-05-15,4,0,1010.0,16.0,13.0,22.0,82.0,6.0,22.0,9.0,10.5
866,2016-05-16,1,0,1016.0,16.0,10.0,22.0,69.0,7.0,19.0,12.0,7.0
867,2016-05-17,0,0,1016.0,16.0,10.0,23.0,64.0,6.0,15.0,13.0,5.0
868,2016-05-18,1,0,1016.0,17.0,9.0,23.0,66.0,9.0,20.0,14.0,6.5
869,2016-05-19,5,1,1010.0,15.0,13.0,22.0,79.0,13.0,28.0,9.0,15.5
870,2016-05-20,1,0,1015.0,17.0,12.0,23.0,61.0,10.0,19.0,11.0,10.0
871,2016-05-21,2,0,1019.0,19.0,9.0,27.0,60.0,8.0,20.0,18.0,6.0
872,2016-05-22,0,0,1017.0,19.0,10.0,28.0,55.0,7.0,13.0,18.0,7.0
873,2016-05-23,1,0,1012.0,16.0,12.0,20.0,69.0,14.0,35.0,8.0,10.0
874,2016-05-24,0,0,1011.0,16.0,9.0,22.0,71.0,11.0,24.0,13.0,8.0
875,2016-05-25,3,0,1015.0,17.0,11.0,23.0,64.0,8.0,17.0,12.0,4.0
876,2016-05-26,0,0,1016.0,19.0,11.0,27.0,61.0,6.0,11.0,16.0,5.0
877,2016-05-27,0,0,1015.0,22.0,13.0,30.0,59.0,7.0,17.0,17.0,7.0
878,2016-05-28,0,0,1013.0,22.0,14.0,30.0,53.0,7.0,24.0,16.0,6.0
879,2016-05-29,2,0,1010.0,19.0,16.0,22.0,78.0,10.0,24.0,6.0,19.5
880,2016-05-30,0,0,1012.0,19.0,15.0,24.0,61.0,15.0,33.0,9.0,8.5
881,2016-05-31,1,0,1015.0,18.0,12.0,22.0,69.0,13.0,26.0,10.0,5.0
882,2016-06-01,3,0,1015.0,17.0,13.0,22.0,78.0,7.0,17.0,9.0,5.0
883,2016-06-02,0,0,1013.0,17.0,15.0,20.0,88.0,8.0,19.0,5.0,4.0
884,2016-06-03,2,0,1013.0,18.0,15.0,22.0,81.0,7.0,15.0,7.0,4.0
885,2016-06-04,1,0,1013.0,19.0,16.0,23.0,77.0,6.0,13.0,7.0,8.0
886,2016-06-05,2,0,1015.0,20.0,16.0,26.0,68.0,8.0,19.0,10.0,8.0
887,2016-06-06,0,0,1018.0,19.0,13.0,26.0,80.0,6.0,20.0,13.0,4.0
888,2016-06-07,1,0,1019.0,21.0,14.0,29.0,73.0,7.0,22.0,15.0,7.0
889,2016-06-08,4,0,1017.0,20.0,17.0,27.0,83.0,7.0,24.0,10.0,8.0
890,2016-06-09,1,0,1011.0,19.0,17.0,24.0,82.0,6.0,11.0,7.0,6.0
891,2016-06-10,1,0,1010.0,22.0,17.0,26.0,67.0,7.0,15.0,9.0,6.0
892,2016-06-11,0,0,1012.0,22.0,17.0,27.0,71.0,10.0,24.0,10.0,9.0
893,2016-06-12,0,0,1009.0,21.0,17.0,26.0,76.0,8.0,22.0,9.0,9.0
894,2016-06-13,0,0,1005.0,21.0,16.0,26.0,76.0,7.0,20.0,10.0,6.0
895,2016-06-14,0,0,1002.0,20.0,17.0,24.0,77.0,9.0,24.0,7.0,7.0
896,2016-06-15,0,0,1005.0,20.0,15.0,25.0,65.0,11.0,24.0,10.0,8.0
897,2016-06-16,2,0,1004.0,23.0,14.0,31.0,64.0,9.0,22.0,17.0,12.5
898,2016-06-17,0,0,1014.0,21.0,15.0,25.0,61.0,16.0,32.0,10.0,11.5
899,2016-06-18,0,0,1018.0,20.0,13.0,26.0,63.0,10.0,20.0,13.0,4.0
900,2016-06-19,0,0,1015.0,19.0,16.0,24.0,71.0,7.0,15.0,8.0,7.0
901,2016-06-20,0,0,1017.0,20.0,13.0,25.0,67.0,7.0,17.0,12.0,6.0
902,2016-06-21,2,0,1021.0,21.0,13.0,29.0,63.0,7.0,20.0,16.0,5.0
903,2016-06-22,2,0,1021.0,25.0,15.0,31.0,54.0,9.0,22.0,16.0,6.0
904,2016-06-23,0,0,1019.0,27.0,18.0,33.0,55.0,9.0,22.0,15.0,6.0
905,2016-06-24,0,0,1015.0,28.0,19.0,35.0,59.0,6.0,15.0,16.0,8.0
906,2016-06-25,0,0,1012.0,26.0,21.0,32.0,66.0,9.0,22.0,11.0,7.0
907,2016-06-26,0,0,1013.0,26.0,18.0,32.0,56.0,10.0,24.0,14.0,4.0
908,2016-06-27,0,0,1014.0,23.0,16.0,28.0,55.0,10.0,19.0,12.0,8.0
909,2016-06-28,1,0,1016.0,24.0,16.0,32.0,59.0,7.0,20.0,16.0,6.0
910,2016-06-29,0,0,1015.0,25.0,17.0,32.0,55.0,7.0,15.0,15.0,7.0
911,2016-06-30,0,0,1015.0,25.0,19.0,32.0,54.0,8.0,19.0,13.0,6.0
912,2016-07-01,0,0,1017.0,26.0,18.0,32.0,56.0,8.0,19.0,14.0,6.0
913,2016-07-02,1,0,1016.0,25.0,17.0,32.0,61.0,10.0,26.0,15.0,8.0
914,2016-07-03,1,0,1015.0,25.0,19.0,31.0,52.0,9.0,22.0,12.0,3.5
915,2016-07-04,1,0,1016.0,25.0,16.0,32.0,51.0,9.0,19.0,16.0,3.5
916,2016-07-05,0,0,1014.0,27.0,19.0,34.0,53.0,8.0,22.0,15.0,11.0
917,2016-07-06,0,0,1013.0,27.0,21.0,34.0,59.0,6.0,17.0,13.0,9.0
918,2016-07-07,0,0,1016.0,28.0,20.0,36.0,56.0,7.0,19.0,16.0,7.0
919,2016-07-08,0,0,1018.0,27.0,19.0,34.0,55.0,9.0,20.0,15.0,7.0
920,2016-07-09,0,0,1017.0,28.0,21.0,34.0,57.0,7.0,15.0,13.0,5.0
921,2016-07-10,0,0,1015.0,29.0,21.0,37.0,50.0,7.0,15.0,16.0,6.0
922,2016-07-11,0,0,1014.0,29.0,20.0,36.0,47.0,8.0,17.0,16.0,6.0
923,2016-07-12,0,0,1012.0,29.0,22.0,35.0,50.0,9.0,20.0,13.0,4.0
924,2016-07-13,0,0,1010.0,26.0,22.0,32.0,59.0,12.0,26.0,10.0,11.0
925,2016-07-14,0,0,1010.0,24.0,18.0,30.0,49.0,9.0,19.0,12.0,6.0
926,2016-07-15,1,0,1014.0,22.0,18.0,25.0,50.0,15.0,33.0,7.0,10.0
927,2016-07-16,1,0,1017.0,24.0,14.0,30.0,46.0,8.0,17.0,16.0,9.0
928,2016-07-17,0,0,1020.0,24.0,14.0,32.0,50.0,9.0,20.0,18.0,9.0
929,2016-07-18,1,0,1021.0,25.0,16.0,34.0,55.0,9.0,22.0,18.0,8.0
930,2016-07-19,0,0,1019.0,27.0,18.0,36.0,49.0,8.0,20.0,18.0,7.0
931,2016-07-20,0,0,1017.0,28.0,19.0,36.0,54.0,9.0,22.0,17.0,6.0
932,2016-07-21,0,0,1016.0,26.0,17.0,34.0,52.0,8.0,19.0,17.0,6.0
933,2016-07-22,0,0,1014.0,27.0,18.0,36.0,43.0,7.0,20.0,18.0,6.0
934,2016-07-23,0,0,1015.0,27.0,21.0,34.0,57.0,7.0,15.0,13.0,12.0
935,2016-07-24,0,0,1014.0,29.0,24.0,35.0,48.0,10.0,20.0,11.0,10.5
936,2016-07-25,0,0,1014.0,26.0,22.0,35.0,64.0,6.0,17.0,13.0,9.5
937,2016-07-26,0,0,1014.0,27.0,20.0,36.0,66.0,7.0,19.0,16.0,8.0
938,2016-07-27,0,0,1014.0,28.0,20.0,37.0,61.0,7.0,32.0,17.0,7.0
939,2016-07-28,1,1,1014.0,28.0,22.0,36.0,56.0,7.0,15.0,14.0,10.0
940,2016-07-29,0,0,1015.0,28.0,20.0,35.0,55.0,8.0,20.0,15.0,7.0
941,2016-07-30,0,0,1015.0,28.0,20.0,34.0,57.0,10.0,20.0,14.0,3.0
942,2016-07-31,0,0,1013.0,28.0,20.0,35.0,55.0,9.0,19.0,15.0,7.0
943,2016-08-01,3,0,1012.0,27.0,22.0,34.0,64.0,7.0,35.0,12.0,8.0
944,2016-08-02,0,0,1015.0,28.0,21.0,34.0,59.0,6.0,17.0,13.0,8.0
945,2016-08-03,1,1,1015.0,29.0,21.0,36.0,57.0,7.0,15.0,15.0,8.5
946,2016-08-04,1,0,1013.0,29.0,22.0,36.0,54.0,9.0,22.0,14.0,9.5
947,2016-08-05,0,0,1012.0,26.0,20.0,31.0,62.0,10.0,22.0,11.0,9.0
948,2016-08-06,0,0,1016.0,25.0,20.0,30.0,49.0,12.0,24.0,10.0,11.0
949,2016-08-07,0,0,1021.0,27.0,21.0,32.0,43.0,16.0,30.0,11.0,4.0
950,2016-08-08,0,0,1018.0,28.0,23.0,33.0,37.0,10.0,22.0,10.0,6.0
951,2016-08-09,1,0,1014.0,26.0,17.0,35.0,47.0,7.0,19.0,18.0,7.0
952,2016-08-10,0,0,1011.0,26.0,19.0,33.0,54.0,7.0,19.0,14.0,8.0
953,2016-08-11,0,0,1017.0,24.0,18.0,29.0,44.0,15.0,37.0,11.0,11.0
954,2016-08-12,0,0,1023.0,24.0,16.0,30.0,43.0,12.0,22.0,14.0,7.0
955,2016-08-13,1,0,1023.0,25.0,16.0,33.0,42.0,10.0,19.0,17.0,4.0
956,2016-08-14,0,0,1021.0,27.0,17.0,36.0,45.0,6.0,17.0,19.0,6.0
957,2016-08-15,0,0,1019.0,27.0,18.0,35.0,50.0,9.0,22.0,17.0,8.0
958,2016-08-16,0,0,1016.0,26.0,18.0,34.0,53.0,11.0,24.0,16.0,8.0
959,2016-08-17,0,0,1012.0,26.0,20.0,31.0,63.0,12.0,22.0,11.0,10.0
960,2016-08-18,1,0,1011.0,27.0,22.0,32.0,66.0,9.0,22.0,10.0,7.0
961,2016-08-19,1,0,1012.0,27.0,23.0,33.0,68.0,8.0,17.0,10.0,8.0
962,2016-08-20,0,0,1014.0,28.0,20.0,35.0,59.0,7.0,19.0,15.0,7.0
963,2016-08-21,0,0,1014.0,27.0,22.0,34.0,59.0,8.0,19.0,12.0,4.0
964,2016-08-22,0,0,1020.0,26.0,22.0,31.0,41.0,15.0,32.0,9.0,10.0
965,2016-08-23,0,0,1022.0,26.0,16.0,32.0,36.0,13.0,28.0,16.0,6.0
966,2016-08-24,0,0,1020.0,28.0,23.0,34.0,36.0,14.0,30.0,11.0,7.0
967,2016-08-25,0,0,1018.0,28.0,23.0,34.0,40.0,13.0,24.0,11.0,9.0
968,2016-08-26,0,0,1018.0,29.0,20.0,35.0,38.0,11.0,20.0,15.0,5.0
969,2016-08-27,0,0,1019.0,27.0,17.0,36.0,46.0,6.0,17.0,19.0,6.0
970,2016-08-28,2,0,1019.0,26.0,17.0,34.0,54.0,8.0,20.0,17.0,6.0
971,2016-08-29,1,0,1017.0,27.0,21.0,33.0,62.0,9.0,19.0,12.0,9.0
972,2016-08-30,0,0,1017.0,26.0,21.0,33.0,69.0,8.0,22.0,12.0,8.0
973,2016-08-31,0,0,1018.0,25.0,21.0,32.0,71.0,10.0,22.0,11.0,9.0
974,2016-09-01,0,0,1019.0,26.0,17.0,35.0,60.0,7.0,15.0,18.0,8.0
975,2016-09-02,1,0,1018.0,27.0,18.0,36.0,52.0,7.0,19.0,18.0,5.5
976,2016-09-03,3,0,1018.0,27.0,19.0,35.0,56.0,7.0,20.0,16.0,6.5
977,2016-09-04,2,0,1017.0,26.0,20.0,33.0,65.0,9.0,22.0,13.0,8.0
978,2016-09-05,0,0,1012.0,28.0,24.0,34.0,60.0,7.0,20.0,10.0,9.0
979,2016-09-06,0,0,1016.0,25.0,19.0,33.0,49.0,13.0,43.0,14.0,14.0
980,2016-09-07,0,0,1016.0,24.0,21.0,28.0,55.0,17.0,26.0,7.0,9.0
981,2016-09-08,0,0,1013.0,27.0,23.0,31.0,49.0,12.0,20.0,8.0,8.0
982,2016-09-09,0,0,1013.0,27.0,20.0,32.0,49.0,10.0,22.0,12.0,6.0
983,2016-09-10,1,0,1013.0,27.0,20.0,33.0,47.0,9.0,20.0,13.0,6.0
984,2016-09-11,0,0,1015.0,27.0,20.0,33.0,51.0,10.0,24.0,13.0,8.0
985,2016-09-12,1,0,1017.0,27.0,19.0,34.0,51.0,9.0,20.0,15.0,7.0
986,2016-09-13,0,0,1015.0,25.0,18.0,35.0,60.0,6.0,19.0,17.0,7.0
987,2016-09-14,0,0,1014.0,25.0,17.0,33.0,62.0,7.0,24.0,16.0,8.0
988,2016-09-15,0,0,1016.0,22.0,19.0,27.0,80.0,6.0,17.0,8.0,8.0
989,2016-09-16,0,0,1014.0,21.0,19.0,24.0,92.0,7.0,19.0,5.0,10.0
990,2016-09-17,0,0,1012.0,21.0,18.0,26.0,77.0,8.0,19.0,8.0,6.0
991,2016-09-18,0,0,1011.0,20.0,17.0,24.0,80.0,5.0,11.0,7.0,10.0
992,2016-09-19,0,0,1010.0,21.0,15.0,28.0,71.0,7.0,15.0,13.0,7.0
993,2016-09-20,2,0,1012.0,22.0,16.0,28.0,71.0,6.0,15.0,12.0,8.0
994,2016-09-21,0,0,1013.0,21.0,16.0,27.0,69.0,7.0,20.0,11.0,6.0
995,2016-09-22,0,0,1019.0,22.0,18.0,27.0,51.0,10.0,20.0,9.0,6.5
996,2016-09-23,0,0,1023.0,20.0,13.0,28.0,58.0,5.0,9.0,15.0,9.5
997,2016-09-24,0,0,1024.0,22.0,15.0,29.0,56.0,7.0,20.0,14.0,6.0
998,2016-09-25,0,0,1020.0,20.0,12.0,29.0,58.0,5.0,13.0,17.0,6.5
999,2016-09-26,0,0,1019.0,20.0,12.0,28.0,60.0,8.0,20.0,16.0,6.5
1000,2016-09-27,0,0,1022.0,20.0,12.0,29.0,57.0,8.0,20.0,17.0,10.5
1001,2016-09-28,1,0,1027.0,21.0,13.0,28.0,59.0,6.0,15.0,15.0,5.5
1002,2016-09-29,0,0,1026.0,20.0,13.0,28.0,67.0,7.0,17.0,15.0,8.0
1003,2016-09-30,0,0,1022.0,21.0,16.0,27.0,72.0,7.0,15.0,11.0,8.0
1004,2016-10-01,0,0,1017.0,21.0,14.0,27.0,73.0,5.0,9.0,13.0,12.0
1005,2016-10-02,0,0,1014.0,22.0,19.0,27.0,80.0,8.0,22.0,8.0,9.0
1006,2016-10-03,0,0,1018.0,22.0,17.0,27.0,67.0,8.0,17.0,10.0,8.0
1007,2016-10-04,1,0,1020.0,18.0,10.0,25.0,60.0,8.0,19.0,15.0,8.0
1008,2016-10-05,0,0,1018.0,16.0,10.0,24.0,63.0,6.0,11.0,14.0,8.0
1009,2016-10-06,0,0,1014.0,16.0,13.0,20.0,63.0,8.0,22.0,7.0,9.0
1010,2016-10-07,0,0,1012.0,16.0,12.0,20.0,58.0,8.0,17.0,8.0,7.0
1011,2016-10-08,0,0,1016.0,13.0,9.0,17.0,85.0,5.0,13.0,8.0,4.0
1012,2016-10-09,0,0,1016.0,15.0,11.0,20.0,73.0,6.0,15.0,9.0,7.0
1013,2016-10-10,0,0,1015.0,15.0,10.0,18.0,60.0,9.0,20.0,8.0,2.0
1014,2016-10-11,1,1,1011.0,12.0,7.0,14.0,62.0,8.0,20.0,7.0,9.0
1015,2016-10-12,0,0,1014.0,12.0,4.0,18.0,60.0,5.0,15.0,14.0,7.0
1016,2016-10-13,0,0,1016.0,11.0,7.0,15.0,75.0,6.0,15.0,8.0,9.0
1017,2016-10-14,0,0,1011.0,16.0,12.0,22.0,86.0,11.0,35.0,10.0,26.0
1018,2016-10-15,1,0,1014.0,18.0,14.0,23.0,81.0,4.0,7.0,9.0,8.0
1019,2016-10-16,1,0,1021.0,16.0,12.0,22.0,82.0,5.0,11.0,10.0,7.0
1020,2016-10-17,0,0,1023.0,16.0,11.0,21.0,84.0,4.0,9.0,10.0,6.0
1021,2016-10-18,1,1,1021.0,17.0,14.0,21.0,83.0,5.0,13.0,7.0,6.0
1022,2016-10-19,1,1,1017.0,16.0,14.0,21.0,87.0,6.0,13.0,7.0,8.0
1023,2016-10-20,0,0,1012.0,15.0,13.0,17.0,83.0,6.0,11.0,4.0,3.0
1024,2016-10-21,0,0,1011.0,14.0,10.0,20.0,74.0,5.0,11.0,10.0,9.0
1025,2016-10-22,0,0,1015.0,12.0,6.0,20.0,76.0,4.0,7.0,14.0,6.0
1026,2016-10-23,0,0,1017.0,14.0,9.0,18.0,79.0,4.0,9.0,9.0,5.0
1027,2016-10-24,0,0,1020.0,18.0,15.0,22.0,81.0,4.0,7.0,7.0,8.0
1028,2016-10-25,0,0,1022.0,19.0,17.0,23.0,84.0,5.0,11.0,6.0,11.0
1029,2016-10-26,0,0,1020.0,19.0,16.0,24.0,87.0,4.0,15.0,8.0,8.0
1030,2016-10-27,0,0,1024.0,17.0,14.0,20.0,58.0,13.0,24.0,6.0,11.0
1031,2016-10-28,0,0,1029.0,16.0,13.0,19.0,52.0,12.0,20.0,6.0,6.0
1032,2016-10-29,0,0,1026.0,13.0,5.0,24.0,69.0,4.0,11.0,19.0,9.0
1033,2016-10-30,1,1,1023.0,13.0,6.0,24.0,75.0,3.0,6.0,18.0,8.0
1034,2016-10-31,0,0,1024.0,13.0,6.0,23.0,74.0,4.0,13.0,17.0,7.0
1035,2016-11-01,0,0,1024.0,13.0,5.0,20.0,80.0,5.0,11.0,15.0,6.0
1036,2016-11-02,0,0,1017.0,16.0,13.0,20.0,80.0,8.0,20.0,7.0,9.0
1037,2016-11-03,0,0,1015.0,15.0,11.0,20.0,79.0,6.0,17.0,9.0,9.0
1038,2016-11-04,0,0,1019.0,13.0,7.0,18.0,79.0,4.0,11.0,11.0,5.0
1039,2016-11-05,0,0,1010.0,15.0,12.0,19.0,92.0,7.0,26.0,7.0,15.5
1040,2016-11-06,0,0,1000.0,15.0,13.0,20.0,84.0,13.0,28.0,7.0,18.5
1041,2016-11-07,0,0,1005.0,13.0,8.0,16.0,62.0,10.0,20.0,8.0,11.0
1042,2016-11-08,0,0,1006.0,8.0,4.0,14.0,87.0,6.0,30.0,10.0,11.0
1043,2016-11-09,0,0,1008.0,8.0,2.0,14.0,80.0,5.0,13.0,12.0,7.0
1044,2016-11-10,0,0,1012.0,10.0,6.0,14.0,85.0,5.0,7.0,8.0,7.0
1045,2016-11-11,0,0,1010.0,10.0,7.0,15.0,86.0,8.0,20.0,8.0,11.0
1046,2016-11-12,0,0,1016.0,7.0,3.0,14.0,75.0,6.0,15.0,11.0,12.0
1047,2016-11-13,0,0,1022.0,5.0,0.0,11.0,86.0,3.0,6.0,11.0,6.0
1048,2016-11-14,0,0,1025.0,9.0,3.0,13.0,74.0,16.0,32.0,10.0,9.0
1049,2016-11-15,0,0,1026.0,8.0,1.0,12.0,60.0,10.0,19.0,11.0,8.0
1050,2016-11-16,0,0,1026.0,5.0,-2.0,13.0,77.0,3.0,6.0,15.0,6.0
1051,2016-11-17,0,0,1021.0,9.0,5.0,13.0,82.0,4.0,7.0,8.0,9.0
1052,2016-11-18,0,0,1017.0,13.0,11.0,16.0,91.0,5.0,13.0,5.0,7.0
1053,2016-11-19,0,0,1013.0,14.0,11.0,16.0,89.0,8.0,13.0,5.0,8.0
1054,2016-11-20,0,0,1016.0,14.0,11.0,19.0,90.0,4.0,6.0,8.0,5.0
1055,2016-11-21,0,0,1017.0,15.0,12.0,18.0,87.0,6.0,13.0,6.0,4.0
1056,2016-11-22,0,0,1018.0,14.0,10.0,19.0,85.0,5.0,13.0,9.0,7.0
1057,2016-11-23,0,0,1021.0,13.0,9.0,19.0,87.0,5.0,15.0,10.0,4.0
1058,2016-11-24,0,0,1018.0,12.0,7.0,14.0,96.0,3.0,7.0,7.0,12.0
1059,2016-11-25,0,0,1014.0,14.0,10.0,18.0,85.0,5.0,15.0,8.0,12.0
1060,2016-11-26,0,0,1016.0,11.0,7.0,17.0,88.0,4.0,7.0,10.0,5.0
1061,2016-11-27,0,0,1014.0,8.0,6.0,14.0,90.0,4.0,9.0,8.0,7.0
1062,2016-11-28,0,0,1013.0,9.0,6.0,15.0,73.0,13.0,46.0,9.0,14.5
1063,2016-11-29,0,0,1027.0,6.0,4.0,8.0,43.0,18.0,35.0,4.0,13.5
1064,2016-11-30,0,0,1031.0,4.0,-1.0,10.0,57.0,6.0,17.0,11.0,6.0
1065,2016-12-01,0,0,1026.0,2.0,-4.0,9.0,83.0,3.0,6.0,13.0,8.5
1066,2016-12-02,0,0,1017.0,8.0,5.0,14.0,83.0,6.0,13.0,9.0,9.5
1067,2016-12-03,0,0,1019.0,8.0,4.0,14.0,85.0,4.0,9.0,10.0,9.0
1068,2016-12-04,0,0,1024.0,10.0,6.0,16.0,73.0,5.0,9.0,10.0,6.0
1069,2016-12-05,0,0,1027.0,9.0,4.0,14.0,83.0,3.0,6.0,10.0,5.0
1070,2016-12-06,0,0,1027.0,6.0,1.0,16.0,87.0,3.0,4.0,15.0,6.0
1071,2016-12-07,0,0,1032.0,7.0,0.0,17.0,68.0,6.0,20.0,17.0,8.0
1072,2016-12-08,0,0,1035.0,4.0,-2.0,14.0,76.0,3.0,6.0,16.0,6.0
1073,2016-12-09,0,0,1033.0,3.0,-2.0,9.0,85.0,3.0,6.0,11.0,4.0
1074,2016-12-10,0,0,1029.0,5.0,-1.0,13.0,89.0,3.0,6.0,14.0,7.5
1075,2016-12-11,0,0,1021.0,9.0,5.0,15.0,89.0,5.0,11.0,10.0,8.5
1076,2016-12-12,0,0,1019.0,7.0,2.0,17.0,81.0,5.0,11.0,15.0,11.0
1077,2016-12-13,0,0,1027.0,4.0,-2.0,12.0,79.0,4.0,6.0,14.0,6.0
1078,2016-12-14,0,0,1027.0,5.0,-1.0,8.0,89.0,3.0,6.0,9.0,8.0
1079,2016-12-15,0,0,1026.0,6.0,0.0,15.0,88.0,3.0,7.0,15.0,5.0
1080,2016-12-16,0,0,1029.0,5.0,-2.0,11.0,77.0,13.0,28.0,13.0,9.0
1081,2016-12-17,0,0,1035.0,6.0,-1.0,12.0,55.0,9.0,22.0,13.0,9.0
1082,2016-12-18,0,0,1033.0,1.0,-5.0,9.0,79.0,3.0,7.0,14.0,13.0
1083,2016-12-19,0,0,1027.0,4.0,-4.0,11.0,76.0,6.0,17.0,15.0,10.0
1084,2016-12-20,0,0,1021.0,12.0,10.0,14.0,67.0,10.0,20.0,4.0,6.0
1085,2016-12-21,0,0,1025.0,12.0,5.0,16.0,65.0,10.0,17.0,11.0,7.0
1086,2016-12-22,0,0,1030.0,5.0,0.0,13.0,83.0,4.0,7.0,13.0,8.0
1087,2016-12-23,0,0,1031.0,3.0,-3.0,13.0,86.0,3.0,6.0,16.0,5.0
1088,2016-12-24,0,0,1030.0,2.0,-4.0,10.0,86.0,4.0,11.0,14.0,11.0
1089,2016-12-25,0,0,1027.0,6.0,2.0,12.0,87.0,3.0,6.0,10.0,8.0
1090,2016-12-26,0,0,1030.0,4.0,0.0,7.0,97.0,4.0,7.0,7.0,5.0
1091,2016-12-27,0,0,1030.0,5.0,1.0,7.0,96.0,3.0,7.0,6.0,11.0
1092,2016-12-28,0,0,1033.0,3.0,-2.0,14.0,87.0,4.0,13.0,16.0,8.0
1093,2016-12-29,0,0,1035.0,4.0,-3.0,10.0,68.0,9.0,22.0,13.0,7.5
1094,2016-12-30,0,0,1036.0,6.0,2.0,11.0,44.0,11.0,24.0,9.0,3.5
1095,2016-12-31,0,0,1031.0,3.0,-3.0,11.0,52.0,4.0,9.0,14.0,7.5
